1, 1, 1956466.37570403, 343166.931170208, -4055461.27503288, 195286541.232539, 97304869.8686747, 5.82058986564568e-06, 7.88213679518612e-07, 1.18749931863234, 5.60729058931003, 4.22164990676105, 7908135.78395354, 195288136.639292, 97302809.7659089, 2.91610878373675e-05, 4.99073235791174e-06, 1.78801512676419, 6.17448152029384, 4.22164990676105
429, 5, 6001748.60455425, 493864.157485534, -2361719.06925443, 195407075.846585, 97425524.1453046, 1.44987087404195e-05, 2.66743272084263e-06, 5.07762934962204, 6.26294946075292, 5.95497657581107, 14386971.4564536, 195405590.819764, 97426558.189328, 2.65388574527556e-05, 4.68697780490726e-06, 5.14156078057856, 6.27608601174299, 5.95497657581107
2, 1, 13889289.4748128, 687337.588761508, 7908135.78395354, 195288136.639292, 97302809.7659089, 2.91610878373675e-05, 4.99073235791174e-06, 1.78801512676419, 6.17448152029384, 3.04929558691986, 19871844.2144154, 195287863.817891, 97302827.9882227, 2.9050101162257e-05, 5.40160413405452e-06, 1.64893772607035, 6.13049599083016, 3.04929558691986
430, 5, 22718853.4849281, 71654.6963978081, 14386971.4564536, 195405590.819764, 97426558.189328, 2.65388574527556e-05, 4.68697780490726e-06, 5.14156078057856, 6.27608601174299, 5.85910582636628, 31216418.7000126, 195411599.594125, 97431079.4983119, 0.00013063966912128, 5.62247430377769e-05, 4.38617879504494, 5.35531396496288, 5.85910582636628
3, 1, 25819597.071427, 372669.196320351, 19871844.2144154, 195287863.817891, 97302827.9882227, 2.9050101162257e-05, 5.40160413405452e-06, 1.64893772607035, 6.13049599083016, 3.25156552864905, 31835438.2640744, 195285942.390925, 97304760.6469514, 9.34060834563681e-06, 1.11557162861664e-05, 3.0152744753461, 5.89607312361527, 3.25156552864905
4, 1, 37809132.9766925, 639026.067434034, 31835438.2640744, 195285942.390925, 97304760.6469514, 9.34060834563681e-06, 1.11557162861664e-05, 3.0152744753461, 5.89607312361527, 2.11543921262034, 43799188.156963, 195289310.611315, 97305054.2771468, 3.03941379699962e-06, 1.1730375433354e-05, 3.32370508734501, 5.91627277505853, 2.11543921262034
431, 5, 39708986.2612224, 395290.694896458, 31216418.7000126, 195411599.594125, 97431079.4983119, 0.00013063966912128, 5.62247430377769e-05, 4.38617879504494, 5.35531396496288, 1.28496342572348, 48124929.6181418, 195409160.930575, 97427849.483338, 0.000126134741547794, 6.20946459673292e-05, 4.08200964535823, 5.42207184229171, 1.28496342572348
770, 9, 40814842.7108207, 292428.052691725, 19944729.6949385, 195590511.245388, 97611209.4867253, 0.000114311981207471, 7.02522020365027e-05, 5.88716659528708, 0.0171360587596823, 5.03464301610537, 61100197.1846347, 195589842.983092, 97608387.312753, 0.000104774273133358, 8.68989089842081e-05, 6.09221795799706, 6.19862895102234, 5.03464301610537
5, 1, 49792105.6958788, 636936.410715724, 43799188.156963, 195289310.611315, 97305054.2771468, 3.03941379699962e-06, 1.1730375433354e-05, 3.32370508734501, 5.91627277505853, 1.77875060233386, 55762890.5977144, 195285267.152499, 97304615.065079, 6.81238622610916e-06, 1.29877874723609e-05, 1.75339757203801, 5.90629708873285, 1.77875060233386
432, 5, 56499677.9562542, 561199.705806535, 48124929.6181418, 195409160.930575, 97427849.483338, 0.000126134741547794, 6.20946459673292e-05, 4.08200964535823, 5.42207184229171, 1.51704959863955, 64875195.0603514, 195409495.710454, 97427907.4118619, 0.00011881439344645, 6.30692822650769e-05, 4.08186054712932, 5.42546125162246, 1.51704959863955
6, 1, 61777031.4985064, 312053.804859972, 55762890.5977144, 195285267.152499, 97304615.065079, 6.81238622610916e-06, 1.29877874723609e-05, 1.75339757203801, 5.90629708873285, 3.34827204715976, 67726615.0912493, 195289272.044088, 97302359.5964823, 3.67875356116603e-05, 1.75106461107647e-05, 2.14113624462153, 5.99489300253503, 3.34827204715976
433, 5, 73311105.2432175, 416229.777404594, 64875195.0603514, 195409495.710454, 97427907.4118619, 0.00011881439344645, 6.30692822650769e-05, 4.08186054712932, 5.42546125162246, 1.58219420585728, 81782833.5504911, 195411337.82082, 97430563.6864414, 0.000123189883224349, 6.75365504977185e-05, 4.24558823281166, 5.47567285484896, 1.58219420585728
7, 1, 73700157.4396023, 646508.537746913, 67726615.0912493, 195289272.044088, 97302359.5964823, 3.67875356116603e-05, 1.75106461107647e-05, 2.14113624462153, 5.99489300253503, 2.88254124898818, 79690209.0916804, 195283387.709434, 97302641.6630819, 3.19212907248138e-05, 1.80766808826094e-05, 2.01199832929548, 6.00382022087372, 2.88254124898818
771, 9, 81438298.4505444, 376612.787967252, 61100197.1846347, 195589842.983092, 97608387.312753, 0.000104774273133358, 8.68989089842081e-05, 6.09221795799706, 6.19862895102234, 4.96622089611112, 101776191.083196, 195589530.56244, 97608307.6042233, 9.90673046756169e-05, 9.75177711451837e-05, 6.1113829643317, 6.16843051437875, 4.96622089611112
8, 1, 85617106.5015261, 438112.639595409, 79690209.0916804, 195283387.709434, 97302641.6630819, 3.19212907248138e-05, 1.80766808826094e-05, 2.01199832929548, 6.00382022087372, 3.01753337252484, 91574131.1343456, 195289642.216949, 97301152.0940844, 5.0918124492836e-05, 2.12394661705857e-05, 1.9546244423553, 6.03883828531692, 3.01753337252484
434, 5, 90243705.8376755, 553498.41944609, 81782833.5504911, 195411337.82082, 97430563.6864414, 0.000123189883224349, 6.75365504977185e-05, 4.24558823281166, 5.47567285484896, 1.29861894251348, 98692482.2446355, 195410811.853701, 97430012.261341, 0.000115391014664131, 6.93416342087526e-05, 4.205477373559, 5.48081850053817, 1.29861894251348
9, 1, 97502378.0578979, 419008.480884501, 91574131.1343456, 195289642.216949, 97301152.0940844, 5.0918124492836e-05, 2.12394661705857e-05, 1.9546244423553, 6.03883828531692, 3.02824031992956, 103458031.382077, 195284055.421767, 97299545.6747759, 7.14211188033101e-05, 2.46007430693425e-05, 1.92756956353804, 6.06754457577517, 3.02824031992956
435, 5, 107159308.241958, 507938.137098338, 98692482.2446355, 195410811.853701, 97430012.261341, 0.000115391014664131, 6.93416342087526e-05, 4.205477373559, 5.48081850053817, 1.40147568232689, 115600142.895662, 195411072.102797, 97428664.8477305, 0.000108453428123354, 7.23591289250724e-05, 4.07899161515022, 5.49782878354585, 1.40147568232689
10, 1, 109351946.774592, 647284.39958912, 103458031.382077, 195284055.421767, 97299545.6747759, 7.14211188033101e-05, 2.46007430693425e-05, 1.92756956353804, 6.06754457577517, 3.03570128685618, 115262297.101689, 195289958.736823, 97299845.4440947, 6.68503742673962e-05, 2.51957970711289e-05, 1.85738201223314, 6.07284232252778, 3.03570128685618
11, 1, 121192801.814897, 376722.942940337, 115262297.101689, 195289958.736823, 97299845.4440947, 6.68503742673962e-05, 2.51957970711289e-05, 1.85738201223314, 6.07284232252778, 3.08665948253247, 127067138.197481, 195285306.261748, 97297976.4142488, 9.07667185896939e-05, 2.90179292057695e-05, 1.87507118546793, 6.09722012637685, 3.08665948253247
772, 9, 122070931.039625, 110174.008028325, 101776191.083196, 195589530.56244, 97608307.6042233, 9.90673046756169e-05, 9.75177711451837e-05, 6.1113829643317, 6.16843051437875, 4.93842105051529, 142054449.49558, 195587682.744365, 97606151.6324924, 0.000213670591649555, 0.000132159498371435, 6.27666952931901, 6.14762258968938, 4.93842105051529
436, 5, 124011544.936514, 177205.212247364, 115600142.895662, 195411072.102797, 97428664.8477305, 0.000108453428123354, 7.23591289250724e-05, 4.07899161515022, 5.49782878354585, 1.44101325360772, 132190796.607326, 195409431.597645, 97420543.8512486, 0.000142562492268074, 9.21476133814985e-05, 3.41114717218524, 5.54680583388632, 1.44101325360772
12, 1, 132987962.692343, 536343.309157259, 127067138.197481, 195285306.261748, 97297976.4142488, 9.07667185896939e-05, 2.90179292057695e-05, 1.87507118546793, 6.09722012637685, 3.08753378988907, 138870623.195383, 195290621.504395, 97297003.4773217, 0.000103027782871999, 3.12375541037549e-05, 1.8441652277248, 6.09821298547199, 3.08753378988907
437, 5, 140413182.599315, 565520.2333403, 132190796.607326, 195409431.597645, 97420543.8512486, 0.000142562492268074, 9.21476133814985e-05, 3.41114717218524, 5.54680583388632, 2.12603589089115, 148619941.156123, 195410656.999063, 97419916.2607273, 0.000140776683074252, 9.39723498703978e-05, 3.34721609919318, 5.54979501854123, 2.12603589089115
13, 1, 144767962.14284, 683872.095728526, 138870623.195383, 195290621.504395, 97297003.4773217, 0.000103027782871999, 3.12375541037549e-05, 1.8441652277248, 6.09821298547199, 3.07340544742038, 150674123.013341, 195288170.846315, 97297150.824129, 0.00010085255410067, 3.16440183411168e-05, 1.7968599359084, 6.09659595200925, 3.07340544742038
14, 1, 156539512.92021, 307286.910615085, 150674123.013341, 195288170.846315, 97297150.824129, 0.00010085255410067, 3.16440183411168e-05, 1.7968599359084, 6.09659595200925, 3.08545422576688, 162478901.0563, 195288471.826128, 97299434.3746149, 7.6379490044275e-05, 3.85482527936316e-05, 2.15151103917578, 5.99160842983104, 3.08545422576688
438, 5, 156791802.719121, 92208.0962630545, 148619941.156123, 195410656.999063, 97419916.2607273, 0.000140776683074252, 9.39723498703978e-05, 3.34721609919318, 5.54979501854123, 2.12382282022953, 164732098.266176, 195412701.535146, 97410422.2769798, 0.000261946268025002, 0.000138941972536255, 3.19795510901656, 5.46852614878807, 2.12382282022953
773, 9, 162027424.234705, 100042.333848425, 142054449.49558, 195587682.744365, 97606151.6324924, 0.000213670591649555, 0.000132159498371435, 6.27666952931901, 6.14762258968938, 4.83105322761396, 182172017.652193, 195585776.017935, 97607161.26312, 0.000320515967372326, 0.000176281139595723, 6.10292233366794, 6.24309917726061, 4.83105322761396
15, 1, 168379714.949872, 693195.951292041, 162478901.0563, 195288471.826128, 97299434.3746149, 7.6379490044275e-05, 3.85482527936316e-05, 2.15151103917578, 5.99160842983104, 2.88263755535026, 174283149.207427, 195289198.416648, 97299478.5998351, 7.47168913649259e-05, 3.89658413205975e-05, 2.08955107282636, 5.98799112650771, 2.88263755535026
439, 5, 172697466.65743, 530064.206777155, 164732098.266176, 195412701.535146, 97410422.2769798, 0.000261946268025002, 0.000138941972536255, 3.19795510901656, 5.46852614878807, 2.42871289362618, 180683652.989138, 195410621.393804, 97411262.1420714, 0.000252077852724679, 0.000139930827473906, 3.19673948252807, 5.47486168511699, 2.42871289362618
16, 1, 180215302.275877, 344461.178063709, 174283149.207427, 195289198.416648, 97299478.5998351, 7.47168913649259e-05, 3.89658413205975e-05, 2.08955107282636, 5.98799112650771, 2.93634656622113, 186087280.839423, 195287939.255299, 97297405.5547113, 0.00010191396649684, 4.3067034369986e-05, 2.087744783663, 6.01230742923642, 2.93634656622113
440, 5, 188614552.407777, 322292.579617225, 180683652.989138, 195410621.393804, 97411262.1420714, 0.000252077852724679, 0.000139930827473906, 3.19673948252807, 5.47486168511699, 2.43533918475275, 196714999.680378, 195411282.090579, 97415095.6697072, 0.000232918467289648, 0.000147022442787716, 3.30500881123296, 5.49760982697099, 2.43533918475275
17, 1, 191996695.986273, 686303.787950738, 186087280.839423, 195287939.255299, 97297405.5547113, 0.00010191396649684, 4.3067034369986e-05, 2.087744783663, 6.01230742923642, 2.90727604729159, 197891420.304615, 195291332.746354, 97297158.695284, 0.000104395093658092, 4.3870739446601e-05, 2.04318534449041, 6.0053778860746, 2.90727604729159
774, 9, 202305679.732401, 102139.225523506, 182172017.652193, 195585776.017935, 97607161.26312, 0.000320515967372326, 0.000176281139595723, 6.10292233366794, 6.24309917726061, 4.85707885262939, 222528227.101367, 195583401.316808, 97607377.9735404, 0.000432531578631745, 0.000218274153111282, 6.04904921690008, 6.27053991654842, 4.85707885262939
18, 1, 203782613.11901, 621766.844605371, 197891420.304615, 195291332.746354, 97297158.695284, 0.000104395093658092, 4.3870739446601e-05, 2.04318534449041, 6.0053778860746, 2.96965241943309, 209695577.217932, 195286799.482889, 97297593.4230387, 9.77951908069234e-05, 4.47112762133734e-05, 2.00394424524132, 6.01144123385292, 2.96965241943309
441, 5, 204761942.622454, 539485.188831588, 196714999.680378, 195411282.090579, 97415095.6697072, 0.000232918467289648, 0.000147022442787716, 3.30500881123296, 5.49760982697099, 2.30425124075329, 212826302.54356, 195412989.655345, 97415758.1598101, 0.000224015506993375, 0.000147900133958315, 3.30461281086836, 5.50187880443983, 2.30425124075329
19, 1, 215562717.698765, 369627.584322395, 209695577.217932, 195286799.482889, 97297593.4230387, 9.77951908069234e-05, 4.47112762133734e-05, 2.00394424524132, 6.01144123385292, 3.01373766274591, 221499915.051165, 195289221.120161, 97299564.6676892, 7.65979355014145e-05, 5.05205691290611e-05, 2.23465962196754, 5.97029090930661, 3.01373766274591
442, 5, 220917729.410996, 151707.391816952, 212826302.54356, 195412989.655345, 97415758.1598101, 0.000224015506993375, 0.000147900133958315, 3.30461281086836, 5.50187880443983, 2.30344799610145, 228777699.36245, 195413470.82245, 97406742.3136232, 0.000304664303187399, 0.000173538058531104, 3.10748466287764, 5.50775797733538, 2.30344799610145
20, 1, 227404036.257402, 698393.291487521, 221499915.051165, 195289221.120161, 97299564.6676892, 7.65979355014145e-05, 5.05205691290611e-05, 2.23465962196754, 5.97029090930661, 2.83199343128126, 233304061.071264, 195287892.620687, 97299501.1602211, 7.61170890950898e-05, 5.1040977699314e-05, 2.17098230221827, 5.96571557437627, 2.83199343128126
443, 5, 236629028.755942, 102545.411249066, 228777699.36245, 195413470.82245, 97406742.3136232, 0.000304664303187399, 0.000173538058531104, 3.10748466287764, 5.50775797733538, 2.48472284582946, 244729197.624649, 195411807.452036, 97417624.7515073, 0.000317502020653771, 0.000209766188065491, 3.53979586532415, 5.47070911444897, 2.48472284582946
21, 1, 239243207.535737, 190984.412856698, 233304061.071264, 195287892.620687, 97299501.1602211, 7.61170890950898e-05, 5.1040977699314e-05, 2.17098230221827, 5.96571557437627, 2.87917606804746, 245187936.566509, 195282135.866918, 97298512.6245649, 0.000110779052180714, 5.95037455766294e-05, 2.60570501563872, 5.89112744182766, 2.87917606804746
775, 9, 242669239.535322, 155084.403489025, 222528227.101367, 195583401.316808, 97607377.9735404, 0.000432531578631745, 0.000218274153111282, 6.04904921690008, 6.27053991654842, 4.78887677227509, 262247660.518749, 195583342.621939, 97603501.2962232, 0.000496311306646571, 0.000250801719608962, 6.24102825977009, 6.15275594741793, 4.78887677227509
22, 1, 251059647.424378, 398714.048939054, 245187936.566509, 195282135.866918, 97298512.6245649, 0.000110779052180714, 5.95037455766294e-05, 2.60570501563872, 5.89112744182766, 2.54568911384981, 256992024.125044, 195290993.779009, 97300326.3839249, 9.89770910514109e-05, 6.49294515888903e-05, 2.82372275224419, 5.87694618159955, 2.54568911384981
444, 5, 252885248.845929, 428200.829402115, 244729197.624649, 195411807.452036, 97417624.7515073, 0.000317502020653771, 0.000209766188065491, 3.53979586532415, 5.47070911444897, 2.06911133283865, 260920091.417758, 195412453.826291, 97414864.368171, 0.000330103259483465, 0.000214848650711486, 3.45925621227342, 5.48249110426091, 2.06911133283865
23, 1, 262913082.009017, 544168.685225142, 256992024.125044, 195290993.779009, 97300326.3839249, 9.89770910514109e-05, 6.49294515888903e-05, 2.82372275224419, 5.87694618159955, 2.31770605366368, 268876055.003298, 195281251.53305, 97299403.0561299, 0.000106090531243215, 6.70034453813557e-05, 2.72169499849325, 5.88367777610181, 2.31770605366368
445, 5, 269011764.889158, 246959.188915954, 260920091.417758, 195412453.826291, 97414864.368171, 0.000330103259483465, 0.000214848650711486, 3.45925621227342, 5.48249110426091, 2.14238697860941, 276951462.058142, 195412003.591253, 97408962.1026264, 0.000370087122642893, 0.000228042641717034, 3.32737854893315, 5.49823414014016, 2.14238697860941
24, 1, 274763031.690158, 569349.343870662, 268876055.003298, 195281251.53305, 97299403.0561299, 0.000106090531243215, 6.70034453813557e-05, 2.72169499849325, 5.88367777610181, 2.43950825527103, 280680123.140428, 195291010.287526, 97300073.6474701, 9.70735799889773e-05, 6.8405711462291e-05, 2.75125625826464, 5.89100334913885, 2.43950825527103
776, 9, 281829815.112032, 149208.834418661, 262247660.518749, 195583342.621939, 97603501.2962232, 0.000496311306646571, 0.000250801719608962, 6.24102825977009, 6.15275594741793, 4.70908602771272, 300850668.785413, 195582349.65079, 97599656.4528244, 0.000567302668804083, 0.000285197206229283, 0.105521453801055, 6.05910879800567, 4.70908602771272
446, 5, 284840514.3766, 557644.598722409, 276951462.058142, 195412003.591253, 97408962.1026264, 0.000370087122642893, 0.000228042641717034, 3.32737854893315, 5.49823414014016, 2.28486576454026, 292743520.313397, 195414498.053956, 97409550.3764575, 0.000361899342092572, 0.000228844179773415, 3.3260408129274, 5.50008018395045, 2.28486576454026
25, 1, 286606006.260139, 463540.19257418, 280680123.140428, 195291010.287526, 97300073.6474701, 9.70735799889773e-05, 6.8405711462291e-05, 2.75125625826464, 5.89100334913885, 2.37238835902616, 292484850.29217, 195282865.63587, 97298724.9375119, 0.000110437968438209, 7.11572028762892e-05, 2.63632818631855, 5.90321325428674, 2.37238835902616
26, 1, 298427095.073187, 256116.568737427, 292484850.29217, 195282865.63587, 97298724.9375119, 0.000110437968438209, 7.11572028762892e-05, 2.63632818631855, 5.90321325428674, 2.50199123049277, 304368355.803513, 195291114.288119, 97301105.0528154, 0.00011248820935958, 8.02217378625551e-05, 3.04293622573555, 5.84741798239167, 2.50199123049277
447, 5, 300674357.561728, 311731.122067754, 292743520.313397, 195414498.053956, 97409550.3764575, 0.000361899342092572, 0.000228844179773415, 3.3260408129274, 5.50008018395045, 2.26522444427594, 308695075.261919, 195414800.430427, 97413551.3456507, 0.000346214841144985, 0.000236348589834366, 3.41292815832608, 5.51216198903136, 2.26522444427594
27, 1, 310310493.291056, 238539.078984899, 304368355.803513, 195291114.288119, 97301105.0528154, 0.00011248820935958, 8.02217378625551e-05, 3.04293622573555, 5.84741798239167, 2.13529560364282, 316252802.645087, 195283700.486723, 97303386.9970052, 0.000131678723888879, 9.01674952721237e-05, 3.39651546320937, 5.79501903927039, 2.13529560364282
448, 5, 316743596.414125, 555018.739559258, 308695075.261919, 195414800.430427, 97413551.3456507, 0.000346214841144985, 0.000236348589834366, 3.41292815832608, 5.51216198903136, 2.16408590971272, 324806193.00175, 195412780.227275, 97414103.7603376, 0.000338095140278828, 0.000237169262021743, 3.41299966499504, 5.51370196089413, 2.16408590971272
777, 9, 319868207.079435, 103340.313910568, 300850668.785413, 195582349.65079, 97599656.4528244, 0.000567302668804083, 0.000285197206229283, 0.105521453801055, 6.05910879800567, 4.66843262088973, 338894068.621291, 195580853.258281, 97599672.345644, 0.000677679136087309, 0.000324466549770078, 0.0410478207925073, 6.08222895109447, 4.66843262088973
28, 1, 322253060.529183, 539980.72501572, 316252802.645087, 195283700.486723, 97303386.9970052, 0.000131678723888879, 9.01674952721237e-05, 3.39651546320937, 5.79501903927039, 1.85901273048606, 328216778.302002, 195291147.936677, 97302455.7764445, 0.000133549601662223, 9.22153903210628e-05, 3.29852459779142, 5.80185567170079, 1.85901273048606
449, 5, 332818412.127562, 216847.450611526, 324806193.00175, 195412780.227275, 97414103.7603376, 0.000338095140278828, 0.000237169262021743, 3.41299966499504, 5.51370196089413, 2.18229977814531, 340678067.238051, 195415064.812547, 97407380.220751, 0.000386348192257779, 0.000253568459500835, 3.27798275130255, 5.52381012362114, 2.18229977814531
29, 1, 334185912.078153, 601150.260285483, 328216778.302002, 195291147.936677, 97302455.7764445, 0.000133549601662223, 9.22153903210628e-05, 3.29852459779142, 5.80185567170079, 1.98902953795969, 340179502.315881, 195283818.573671, 97302942.2729451, 0.000127087707141386, 9.30788531110198e-05, 3.33004404774553, 5.80681508251117, 1.98902953795969
30, 1, 346110993.036012, 364325.521980042, 340179502.315881, 195283818.573671, 97302942.2729451, 0.000127087707141386, 9.30788531110198e-05, 3.33004404774553, 5.80681508251117, 1.89543375256873, 352063455.965714, 195290830.907654, 97301017.9287219, 0.000142242613010604, 9.66243355218847e-05, 3.16586787792322, 5.82253218876331, 1.89543375256873
450, 5, 348569476.722136, 582987.279516881, 340678067.238051, 195415064.812547, 97407380.220751, 0.000386348192257779, 0.000253568459500835, 3.27798275130255, 5.52381012362114, 2.29492382569307, 356470263.848335, 195413672.787616, 97407755.1550105, 0.000379508089186692, 0.000254315722988926, 3.27280685087907, 5.52449670627715, 2.29492382569307
778, 9, 357906688.794245, 186593.826898893, 338894068.621291, 195580853.258281, 97599672.345644, 0.000677679136087309, 0.000324466549770078, 0.0410478207925073, 6.08222895109447, 4.61911173446345, 377895394.337749, 195582696.10426, 97605744.9439332, 0.000668246873685731, 0.000351188682461267, 6.24306111405058, 6.10489424735108, 4.61911173446345
31, 1, 357990284.942961, 453624.226134084, 352063455.965714, 195290830.907654, 97301017.9287219, 0.000142242613010604, 9.66243355218847e-05, 3.16586787792322, 5.82253218876331, 2.03354127516215, 363947337.612674, 195285120.766677, 97299622.0028816, 0.000152001534763879, 9.93476833600272e-05, 3.05495708584814, 5.83327944221382, 2.03354127516215
451, 5, 364321679.949668, 197215.350653251, 356470263.848335, 195413672.787616, 97407755.1550105, 0.000379508089186692, 0.000254315722988926, 3.27280685087907, 5.52449670627715, 2.32373463894381, 372343237.160825, 195411273.407994, 97414518.7188535, 0.000366329736346066, 0.000269662565541153, 3.44389611475607, 5.52941954114323, 2.32373463894381
32, 1, 369842365.715781, 651130.809131374, 363947337.612674, 195285120.766677, 97299622.0028816, 0.000152001534763879, 9.93476833600272e-05, 3.05495708584814, 5.83327944221382, 2.14176308980984, 375751738.752502, 195290868.9779, 97299905.6335218, 0.000145750528643712, 9.98529880746222e-05, 3.05579346192147, 5.83511983575844, 2.14176308980984
452, 5, 380433764.292189, 280757.549385413, 372343237.160825, 195411273.407994, 97414518.7188535, 0.000366329736346066, 0.000269662565541153, 3.44389611475607, 5.52941954114323, 2.21477920309249, 388373235.902987, 195414496.850697, 97409383.8368575, 0.000398501753298396, 0.000280760495979941, 3.33809333577474, 5.53942173574492, 2.21477920309249
33, 1, 381685909.464386, 295924.722843607, 375751738.752502, 195290868.9779, 97299905.6335218, 0.000145750528643712, 9.98529880746222e-05, 3.05579346192147, 5.83511983575844, 2.13490874727914, 387556680.123768, 195288249.046685, 97297541.9392556, 0.000174092637407524, 0.00010436486085541, 2.94100318260051, 5.84692810375385, 2.13490874727914
34, 1, 393469461.734362, 658470.479842831, 387556680.123768, 195288249.046685, 97297541.9392556, 0.000174092637407524, 0.00010436486085541, 2.94100318260051, 5.84692810375385, 2.29145798881763, 399360072.64614, 195292379.243111, 97297131.6020837, 0.000174523665217592, 0.000105520250728002, 2.90166650604973, 5.84641046621591, 2.29145798881763
453, 5, 396273368.350097, 611761.12322977, 388373235.902987, 195414496.850697, 97409383.8368575, 0.000398501753298396, 0.000280760495979941, 3.33809333577474, 5.53942173574492, 2.22769117128124, 404165456.573548, 195413599.58455, 97409141.8842029, 0.000395481309207485, 0.000281952683838795, 3.32343915075482, 5.53946508291109, 2.22769117128124
779, 9, 397804181.257393, 234588.073171662, 377895394.337749, 195582696.10426, 97605744.9439332, 0.000668246873685731, 0.000351188682461267, 6.24306111405058, 6.10489424735108, 4.66294080869056, 417056795.187556, 195580445.106952, 97601125.4835394, 0.000671758255149331, 0.000374998117004495, 0.0397278469700978, 6.06540697042826, 4.66294080869056
35, 1, 405254880.071087, 653947.423548478, 399360072.64614, 195292379.243111, 97297131.6020837, 0.000174523665217592, 0.000105520250728002, 2.90166650604973, 5.84641046621591, 2.28217688250827, 411163964.201418, 195288584.871005, 97297430.0731205, 0.000168244801795502, 0.000106037763515382, 2.89819817313448, 5.84821618894146, 2.28217688250827
454, 5, 412096553.561459, 301925.392217496, 404165456.573548, 195413599.58455, 97409141.8842029, 0.000395481309207485, 0.000281952683838795, 3.32343915075482, 5.53946508291109, 2.2359063283372, 420117071.252258, 195416243.348149, 97413302.1306088, 0.000380749492717043, 0.000290008733109795, 3.41084704506646, 5.54752989727336, 2.2359063283372
36, 1, 417031598.357652, 370647.281670735, 411163964.201418, 195288584.871005, 97297430.0731205, 0.000168244801795502, 0.000106037763515382, 2.89819817313448, 5.84821618894146, 2.27508497746991, 422968209.151643, 195289787.705566, 97299399.9238766, 0.000162354864659184, 0.000112255721859318, 3.06770969774865, 5.83761501212092, 2.27508497746991
455, 5, 428158229.036202, 457706.385194312, 420117071.252258, 195416243.348149, 97413302.1306088, 0.000380749492717043, 0.000290008733109795, 3.41084704506646, 5.54752989727336, 2.14937603363767, 436227915.968641, 195415605.517915, 97415105.6793074, 0.000369001011462491, 0.000292544205979351, 3.44036322372166, 5.55278616110761, 2.14937603363767
37, 1, 428870494.70759, 698996.828126265, 422968209.151643, 195289787.705566, 97299399.9238766, 0.000162354864659184, 0.000112255721859318, 3.06770969774865, 5.83761501212092, 2.11899656993784, 434773654.426031, 195290349.279033, 97299432.5527321, 0.00015791960650689, 0.000112715519543388, 3.05216799171455, 5.83648714082916, 2.11899656993784
780, 9, 436233278.031629, 104181.297096813, 417056795.187556, 195580445.106952, 97601125.4835394, 0.000671758255149331, 0.000374998117004495, 0.0397278469700978, 6.06540697042826, 4.64500120937107, 455978541.044336, 195579319.189101, 97604697.7465405, 0.000752234860781109, 0.000423151120108509, 6.19997552025136, 6.11478695305587, 4.64500120937107
38, 1, 440704686.98531, 361348.029325401, 434773654.426031, 195290349.279033, 97299432.5527321, 0.00015791960650689, 0.000112715519543388, 3.05216799171455, 5.83648714082916, 2.2193047234194, 446577539.970061, 195289241.444216, 97297476.5344415, 0.000177494290055862, 0.00011630827685701, 2.94454908796998, 5.84792077813343, 2.2193047234194
456, 5, 444279826.130301, 577162.007910652, 436227915.968641, 195415605.517915, 97415105.6793074, 0.000369001011462491, 0.000292544205979351, 3.44036322372166, 5.55278616110761, 2.10537435590385, 452339295.81337, 195416577.925285, 97415415.2540494, 0.000362048790775505, 0.000293370617744544, 3.43680065079357, 5.55300917464018, 2.10537435590385
39, 1, 452487553.375746, 683695.658418689, 446577539.970061, 195289241.444216, 97297476.5344415, 0.000177494290055862, 0.00011630827685701, 2.94454908796998, 5.84792077813343, 2.28924107551802, 458380909.734486, 195292445.800095, 97297191.625912, 0.000176594090965653, 0.000117235516228205, 2.91203957296267, 5.84662761096865, 2.28924107551802
457, 5, 460413071.798592, 467393.849771417, 452339295.81337, 195416577.925285, 97415415.2540494, 0.000362048790775505, 0.000293370617744544, 3.43680065079357, 5.55300917464018, 2.12115594538959, 468449992.581673, 195415898.663222, 97413271.1520221, 0.000370734942059563, 0.000297468890267102, 3.38273760896164, 5.55815428998066, 2.12115594538959
40, 1, 464273073.763617, 638556.083353547, 458380909.734486, 195292445.800095, 97297191.625912, 0.000176594090965653, 0.000117235516228205, 2.91203957296267, 5.84662761096865, 2.27214753976809, 470185140.196755, 195288543.594413, 97297554.4292286, 0.000169845599739566, 0.000117846682903383, 2.91316781524273, 5.8488767246169, 2.27214753976809
781, 9, 475810042.172632, 354964.701812419, 455978541.044336, 195579319.189101, 97604697.7465405, 0.000752234860781109, 0.000423151120108509, 6.19997552025136, 6.11478695305587, 4.69780999026795, 495299176.464398, 195578236.388747, 97602837.0082658, 0.000750130534299813, 0.000433902768077722, 6.22658389910366, 6.10167302685804, 4.69780999026795
41, 1, 476059342.147952, 411020.587988253, 470185140.196755, 195288543.594413, 97297554.4292286, 0.000169845599739566, 0.000117846682903383, 2.91316781524273, 5.8488767246169, 2.28555596392461, 481989226.128398, 195289862.862288, 97299298.4419819, 0.000162444584788368, 0.000123077240341347, 3.05096909752666, 5.84426034113326, 2.28555596392461
458, 5, 476463833.027991, 333349.341166858, 468449992.581673, 195415898.663222, 97413271.1520221, 0.000370734942059563, 0.000297468890267102, 3.38273760896164, 5.55815428998066, 2.14638677001504, 484401642.826312, 195412864.658823, 97409100.944489, 0.000395951958754068, 0.000305953136502636, 3.29756013549047, 5.56593523191435, 2.14638677001504
42, 1, 487890209.658517, 694899.628737498, 481989226.128398, 195289862.862288, 97299298.4419819, 0.000162444584788368, 0.000123077240341347, 3.05096909752666, 5.84426034113326, 2.14242949591711, 493794258.044474, 195290951.031591, 97299362.7240687, 0.00015777844519154, 0.000123514707710158, 3.03715976437512, 5.84341105991277, 2.14242949591711
459, 5, 492292918.503739, 582008.853214065, 484401642.826312, 195412864.658823, 97409100.944489, 0.000395951958754068, 0.000305953136502636, 3.29756013549047, 5.56593523191435, 2.23623832907144, 500193994.908668, 195414907.753095, 97409466.9930087, 0.000389056069585276, 0.000306732077784019, 3.29348514587367, 5.56624178691002, 2.23623832907144
43, 1, 499719182.489193, 462830.43957937, 493794258.044474, 195290951.031591, 97299362.7240687, 0.00015777844519154, 0.000123514707710158, 3.03715976437512, 5.84341105991277, 2.20918515735345, 505598384.762599, 195287906.252542, 97298011.1317951, 0.000168320384192877, 0.000126167720092289, 2.94763303089442, 5.85077203805584, 2.20918515735345
460, 5, 508125011.73353, 326256.635880027, 500193994.908668, 195414907.753095, 97409466.9930087, 0.000389056069585276, 0.000306732077784019, 3.29348514587367, 5.56624178691002, 2.24360062386091, 516145552.509368, 195416251.605238, 97413245.34666, 0.000374200426510553, 0.000313897078463678, 3.37303874000276, 5.57288310765414, 2.24360062386091
44, 1, 511517853.213514, 572570.24770004, 505598384.762599, 195287906.252542, 97298011.1317951, 0.000168320384192877, 0.000126167720092289, 2.94763303089442, 5.85077203805584, 2.28090293712721, 517402134.400671, 195291914.530372, 97297210.5026491, 0.000172953654887903, 0.000127985259037422, 2.88879614742978, 5.85342249964522, 2.28090293712721
782, 9, 514712372.567648, 128829.390957487, 495299176.464398, 195578236.388747, 97602837.0082658, 0.000750130534299813, 0.000433902768077722, 6.22658389910366, 6.10167302685804, 4.69567387838896, 535258040.224232, 195579420.882724, 97609723.3987632, 0.000772874140425682, 0.000480102439014141, 6.11018970992561, 6.13765880111719, 4.69567387838896
45, 1, 523302415.431995, 698315.007767649, 517402134.400671, 195291914.530372, 97297210.5026491, 0.000172953654887903, 0.000127985259037422, 2.88879614742978, 5.85342249964522, 2.31229791525338, 529206170.265919, 195290786.45248, 97297286.5244369, 0.000168633546139559, 0.000128407328325856, 2.87282458635177, 5.85268154824658, 2.31229791525338
461, 5, 524185116.216375, 435075.42310372, 516145552.509368, 195416251.605238, 97413245.34666, 0.000374200426510553, 0.000313897078463678, 3.37303874000276, 5.57288310765414, 2.15924205025476, 532256331.42641, 195416292.649513, 97415514.4570083, 0.00036175725397867, 0.000317457963255615, 3.41593570269809, 5.57836366807853, 2.15924205025476
46, 1, 535087383.894753, 494113.523893686, 529206170.265919, 195290786.45248, 97297286.5244369, 0.000168633546139559, 0.000128407328325856, 2.87282458635177, 5.85268154824658, 2.33217085174042, 541010293.480902, 195287806.522799, 97298426.1716792, 0.000158969818107302, 0.000131287962577193, 2.9407290067073, 5.85563883790502, 2.33217085174042
462, 5, 540318766.306935, 591552.968741764, 532256331.42641, 195416292.649513, 97415514.4570083, 0.00036175725397867, 0.000317457963255615, 3.41593570269809, 5.57836366807853, 2.09294903262872, 548367623.217664, 195415553.041271, 97415028.1545898, 0.000359377071884124, 0.000319031721290637, 3.3955264243665, 5.57861230704264, 2.09294903262872
47, 1, 546897657.649358, 569048.825096635, 541010293.480902, 195287806.522799, 97298426.1716792, 0.000158969818107302, 0.000131287962577193, 2.9407290067073, 5.85563883790502, 2.26257936261656, 552814002.758709, 195291113.745466, 97299096.747791, 0.000150730743783006, 0.000132636148264846, 2.97028798948481, 5.8594441680625, 2.26257936261656
783, 9, 555783217.997838, 347189.235325241, 535258040.224232, 195579420.882724, 97609723.3987632, 0.000772874140425682, 0.000480102439014141, 6.11018970992561, 6.13765880111719, 4.77657438921269, 576652222.605657, 195580257.640327, 97611127.8809558, 0.000769293951140387, 0.000491312521277784, 6.10563031247973, 6.13246909963403, 4.77657438921269
463, 5, 556439764.709131, 483993.061951406, 548367623.217664, 195415553.041271, 97415028.1545898, 0.000359377071884124, 0.000319031721290637, 3.3955264243665, 5.57861230704264, 2.1183660236294, 564479334.536932, 195415386.843951, 97413119.3268637, 0.000366634137227312, 0.000322759800227139, 3.34673555622419, 5.58240474524906, 2.1183660236294
48, 1, 558717282.027422, 704105.259474464, 552814002.758709, 195291113.745466, 97299096.747791, 0.000150730743783006, 0.000132636148264846, 2.97028798948481, 5.8594441680625, 2.18462379911271, 564619283.754385, 195290750.498722, 97299060.4596704, 0.000147139760762805, 0.000133161926632512, 2.94687664422399, 5.85802437242186, 2.18462379911271
49, 1, 570540405.934005, 538094.641457223, 564619283.754385, 195290750.498722, 97299060.4596704, 0.000147139760762805, 0.000133161926632512, 2.94687664422399, 5.85802437242186, 2.28493953333943, 576423006.678837, 195288438.417513, 97298102.3661082, 0.000153560531404712, 0.000135241924449667, 2.87275135939255, 5.86166094514647, 2.28493953333943
464, 5, 572469255.84453, 513898.287258395, 564479334.536932, 195415386.843951, 97413119.3268637, 0.000366634137227312, 0.000322759800227139, 3.34673555622419, 5.58240474524906, 2.2252682927472, 580430244.134882, 195414234.505905, 97411595.5574565, 0.000371867500540784, 0.000325834247619055, 3.30690426334093, 5.58519485328522, 2.2252682927472
50, 1, 582341420.054808, 585797.530987683, 576423006.678837, 195288438.417513, 97298102.3661082, 0.000153560531404712, 0.000135241924449667, 2.87275135939255, 5.86166094514647, 2.3145043255894, 588227695.891302, 195291470.628594, 97297366.493522, 0.000157993823313537, 0.000136962811983913, 2.81357234046014, 5.86342074823768, 2.3145043255894
465, 5, 588422697.568482, 488924.820167189, 580430244.134882, 195414234.505905, 97411595.5574565, 0.000371867500540784, 0.000325834247619055, 3.30690426334093, 5.58519485328522, 2.19351628307628, 596381821.655153, 195414579.123393, 97409731.9284083, 0.000380132576830338, 0.00032945364635277, 3.26255250892031, 5.58868007527549, 2.19351628307628
51, 1, 594128759.492149, 704215.515239183, 588227695.891302, 195291470.628594, 97297366.493522, 0.000157993823313537, 0.000136962811983913, 2.81357234046014, 5.86342074823768, 2.41985348049617, 600030723.710018, 195291474.7295, 97297374.5665822, 0.000154557721126988, 0.000137430916017055, 2.79073530820946, 5.86225349392456, 2.41985348049617
784, 9, 597389432.540984, 359218.830415406, 576652222.605657, 195580257.640327, 97611127.8809558, 0.000769293951140387, 0.000491312521277784, 6.10563031247973, 6.13246909963403, 4.78285059948025, 618126349.039475, 195580687.877149, 97610856.0804394, 0.000766191868100611, 0.000501949821013017, 6.11649988451079, 6.12358685316725, 4.78285059948025
466, 5, 604287116.550062, 583511.775630943, 596381821.655153, 195414579.123393, 97409731.9284083, 0.000380132576830338, 0.00032945364635277, 3.26255250892031, 5.58868007527549, 2.25135423853238, 612175123.687353, 195412143.030088, 97409013.5254674, 0.000380553683074539, 0.000331291049241802, 3.23896278202033, 5.58937517145696, 2.25135423853238
52, 1, 605918434.540345, 568088.539215856, 600030723.710018, 195291474.7295, 97297374.5665822, 0.000154557721126988, 0.000137430916017055, 2.79073530820946, 5.86225349392456, 2.36532701017296, 611834970.45929, 195288129.068303, 97298062.7370218, 0.000145626536243477, 0.000138831944618706, 2.81525811606775, 5.86580978328332, 2.36532701017296
53, 1, 617718779.566669, 519918.212733136, 611834970.45929, 195288129.068303, 97298062.7370218, 0.000145626536243477, 0.000138831944618706, 2.81525811606775, 5.86580978328332, 2.3503229398331, 623639151.065087, 195290320.049756, 97299024.1389647, 0.000135854491249993, 0.000141112111542527, 2.87265803720227, 5.86908662010662, 2.3503229398331
467, 5, 620104298.979511, 403795.095647666, 612175123.687353, 195412143.030088, 97409013.5254674, 0.000380553683074539, 0.000331291049241802, 3.23896278202033, 5.58937517145696, 2.35129714113355, 628125489.837327, 195414535.526544, 97411881.0234402, 0.000365461837769792, 0.000336258495716835, 3.29442329499962, 5.59477574238397, 2.35129714113355
54, 1, 629538827.734696, 690793.999130486, 623639151.065087, 195290320.049756, 97299024.1389647, 0.000135854491249993, 0.000141112111542527, 2.87265803720227, 5.86908662010662, 2.28556110062897, 635443379.639848, 195291348.538099, 97299115.2573018, 0.000131317093401596, 0.000141532532080799, 2.85304101549493, 5.86846273389971, 2.28556110062897
468, 5, 636094195.673458, 552760.112567361, 628125489.837327, 195414535.526544, 97411881.0234402, 0.000365461837769792, 0.000336258495716835, 3.29442329499962, 5.59477574238397, 2.21570163308041, 644077618.38545, 195416211.711843, 97412481.3033658, 0.000357176583013556, 0.00033713571729132, 3.2954855523724, 5.59554199398391, 2.21570163308041
785, 9, 638861516.558853, 355304.807095078, 618126349.039475, 195580687.877149, 97610856.0804394, 0.000766191868100611, 0.000501949821013017, 6.11649988451079, 6.12358685316725, 4.77592559620565, 659760091.445728, 195581021.609884, 97611714.7914699, 0.00076272552319929, 0.000512882280482265, 6.11668725434721, 6.11747702330458, 4.77592559620565
55, 1, 641360244.156689, 609981.399708804, 635443379.639848, 195291348.538099, 97299115.2573018, 0.000131317093401596, 0.000141532532080799, 2.85304101549493, 5.86846273389971, 2.29796288235785, 647247996.802539, 195288059.784588, 97298495.2200986, 0.000134501977395822, 0.000143071690307847, 2.7900754860287, 5.86916193848797, 2.29796288235785
469, 5, 652089371.827244, 296105.664474945, 644077618.38545, 195416211.711843, 97412481.3033658, 0.000357176583013556, 0.00033713571729132, 3.2954855523724, 5.59554199398391, 2.24501078371771, 659948934.634446, 195414901.498379, 97407664.5935825, 0.000389111837611478, 0.000347543784748451, 3.20350912807984, 5.60071289752178, 2.24501078371771
56, 1, 653174021.441321, 467526.441998563, 647247996.802539, 195288059.784588, 97298495.2200986, 0.000134501977395822, 0.000143071690307847, 2.7900754860287, 5.86916193848797, 2.38700053236325, 659052632.413552, 195290872.927393, 97297166.0668222, 0.000147234946885317, 0.00014572114567337, 2.7072393854663, 5.87476294260136, 2.38700053236325
57, 1, 664953754.160285, 706462.412630151, 659052632.413552, 195290872.927393, 97297166.0668222, 0.000147234946885317, 0.00014572114567337, 2.7072393854663, 5.87476294260136, 2.50649726431569, 670855779.079043, 195291105.408165, 97297162.0366203, 0.000144289971904337, 0.000146196898748323, 2.68004875526765, 5.87356448932315, 2.50649726431569
470, 5, 667845998.506213, 616397.497594959, 659948934.634446, 195414901.498379, 97407664.5935825, 0.000389111837611478, 0.000347543784748451, 3.20350912807984, 5.60071289752178, 2.28850707877368, 675740997.573972, 195415139.130106, 97407581.6393814, 0.000385386152379793, 0.000348552391164675, 3.19108718878731, 5.60036240280726, 2.28850707877368
58, 1, 676737423.776946, 503034.336188115, 670855779.079043, 195291105.408165, 97297162.0366203, 0.000144289971904337, 0.000146196898748323, 2.68004875526765, 5.87356448932315, 2.46875878952227, 682660077.269883, 195287051.082275, 97298245.2432567, 0.000133097446677825, 0.000148892170887702, 2.74310559582208, 5.87591325799738, 2.46875878952227
786, 9, 680614451.694771, 114758.545518904, 659760091.445728, 195581021.609884, 97611714.7914699, 0.00076272552319929, 0.000512882280482265, 6.11668725434721, 6.11747702330458, 4.7940502627279, 701074087.821019, 195580118.853927, 97609102.4386471, 0.000870861385445704, 0.000546460893896247, 6.17181276688129, 6.08411538299511, 4.7940502627279
471, 5, 683592201.737401, 314990.553307709, 675740997.573972, 195415139.130106, 97407581.6393814, 0.000385386152379793, 0.000348552391164675, 3.19108718878731, 5.60036240280726, 2.31396204058126, 691612791.101598, 195412224.456636, 97411518.1666862, 0.000368616162060904, 0.000356223983980095, 3.27593289613254, 5.60492629044301, 2.31396204058126
59, 1, 688543369.383798, 516867.902527464, 682660077.269883, 195287051.082275, 97298245.2432567, 0.000133097446677825, 0.000148892170887702, 2.74310559582208, 5.87591325799738, 2.42070470484799, 694464134.203993, 195290661.190057, 97299224.3144486, 0.000122806463991113, 0.000151243875735961, 2.80491205071532, 5.87868678906304, 2.42070470484799
472, 5, 699543570.573357, 248512.460342596, 691612791.101598, 195412224.456636, 97411518.1666862, 0.000368616162060904, 0.000356223983980095, 3.27593289613254, 5.60492629044301, 2.22921872427403, 707644110.915672, 195415924.973629, 97416756.4359193, 0.0003567716944028, 0.00036755092706148, 3.40987543430364, 5.60739634677525, 2.22921872427403
60, 1, 700367364.878274, 701353.476438701, 694464134.203993, 195290661.190057, 97299224.3144486, 0.000122806463991113, 0.000151243875735961, 2.80491205071532, 5.87868678906304, 2.33947109266989, 706268417.330211, 195290237.045007, 97299206.7050161, 0.000119553555845414, 0.000151741909975035, 2.77319714218704, 5.87742658491286, 2.33947109266989
61, 1, 712193657.690645, 470660.431797029, 706268417.330211, 195290237.045007, 97299206.7050161, 0.000119553555845414, 0.000151741909975035, 2.77319714218704, 5.87742658491286, 2.36682937968006, 718073454.136213, 195288133.631266, 97297898.3728603, 0.000132115145945542, 0.000154379277850143, 2.68289087624844, 5.8824268865883, 2.36682937968006
473, 5, 715773771.369086, 554532.317209231, 707644110.915672, 195415924.973629, 97416756.4359193, 0.0003567716944028, 0.00036755092706148, 3.40987543430364, 5.60739634677525, 2.0717457641378, 723914755.482272, 195414263.783927, 97417289.5208912, 0.000348731886760131, 0.000368435356577826, 3.41205957955171, 5.60779249108742, 2.0717457641378
787, 9, 721540594.403701, 246311.817783037, 701074087.821019, 195580118.853927, 97609102.4386471, 0.000870861385445704, 0.000546460893896247, 6.17181276688129, 6.08411538299511, 4.72349691519073, 741271543.554895, 195578247.302011, 97604730.5673345, 0.000872688886805445, 0.000567787529996771, 6.22713798336057, 6.05823985533978, 4.72349691519073
62, 1, 723988544.53416, 619107.494994888, 718073454.136213, 195288133.631266, 97297898.3728603, 0.000132115145945542, 0.000154379277850143, 2.68289087624844, 5.8824268865883, 2.51579442609501, 729876750.887665, 195291773.484888, 97297310.3626929, 0.000136100020764246, 0.000155855302637945, 2.62640645466046, 5.8826814088974, 2.51579442609501
474, 5, 732005186.158975, 136841.737327102, 723914755.482272, 195414263.783927, 97417289.5208912, 0.000348731886760131, 0.000368435356577826, 3.41205957955171, 5.60779249108742, 2.08887371914399, 739867023.659694, 195411618.637943, 97408444.1778186, 0.000422376276698003, 0.000400763413943248, 3.26749417670085, 5.58511215331153, 2.08887371914399
63, 1, 735776363.556543, 694558.487178676, 729876750.887665, 195291773.484888, 97297310.3626929, 0.000136100020764246, 0.000155855302637945, 2.62640645466046, 5.8826814088974, 2.51142500575256, 741680904.291068, 195290727.615095, 97297399.8907646, 0.000132339104810262, 0.00015626777637455, 2.60002628702681, 5.88207440428101, 2.51142500575256
64, 1, 747564580.971563, 528335.021876878, 741680904.291068, 195290727.615095, 97297399.8907646, 0.000132339104810262, 0.00015626777637455, 2.60002628702681, 5.88207440428101, 2.54935457914697, 753484986.985043, 195287943.658004, 97298313.1027063, 0.000121397904094852, 0.000158395042867548, 2.64317460818098, 5.88477110413347, 2.54935457914697
475, 5, 747796881.572527, 198851.549147868, 739867023.659694, 195411618.637943, 97408444.1778186, 0.000422376276698003, 0.000400763413943248, 3.26749417670085, 5.58511215331153, 2.28369321470022, 755897636.006997, 195415663.381979, 97415098.3030908, 0.00041223208231695, 0.00041647759763779, 3.42467595894636, 5.58300364713077, 2.28369321470022
65, 1, 759371103.425863, 563335.265051455, 753484986.985043, 195287943.658004, 97298313.1027063, 0.000121397904094852, 0.000158395042867548, 2.64317460818098, 5.88477110413347, 2.5015759828347, 765289134.071479, 195290789.493, 97299020.9938274, 0.000111883412074987, 0.000159882781198653, 2.67001083003127, 5.88762553842007, 2.5015759828347
788, 9, 761000597.119495, 289829.390281435, 741271543.554895, 195578247.302011, 97604730.5673345, 0.000872688886805445, 0.000567787529996771, 6.22713798336057, 6.05823985533978, 4.65001304169471, 781310517.039232, 195579074.618281, 97607726.286613, 0.000866793579851232, 0.000581043359558709, 6.20842893895839, 6.05795393146486, 4.65001304169471
476, 5, 763944385.149715, 520516.900440445, 755897636.006997, 195415663.381979, 97415098.3030908, 0.00041223208231695, 0.00041647759763779, 3.42467595894636, 5.58300364713077, 2.09766085303571, 772009858.976606, 195417992.960824, 97416012.3786823, 0.00040282960079479, 0.000417621628653503, 3.43400457897261, 5.58412017805402, 2.09766085303571
66, 1, 771191244.878192, 699406.555629521, 765289134.071479, 195290789.493, 97299020.9938274, 0.000111883412074987, 0.000159882781198653, 2.67001083003127, 5.88762553842007, 2.46337094217146, 777093353.549368, 195290892.151024, 97299040.8635153, 0.000108707334290121, 0.000160340410971574, 2.63420792647622, 5.88657996615116, 2.46337094217146
477, 5, 780098713.013006, 242670.631247656, 772009858.976606, 195417992.960824, 97416012.3786823, 0.00040282960079479, 0.000417621628653503, 3.43400457897261, 5.58412017805402, 2.16056451415422, 788359151.073137, 195417362.846988, 97421435.948857, 0.000397127539400309, 0.000429557920427881, 3.56267450558563, 5.58587755299767, 2.16056451415422
67, 1, 783011171.962878, 591907.840570983, 777093353.549368, 195290892.151024, 97299040.8635153, 0.000108707334290121, 0.000160340410971574, 2.63420792647622, 5.88657996615116, 2.49221917955885, 788898474.10007, 195288005.188388, 97298336.9865748, 0.000114460889406913, 0.000162029307674012, 2.56335457175026, 5.88745894335891, 2.49221917955885
68, 1, 794820003.232905, 532903.372610033, 788898474.10007, 195288005.188388, 97298336.9865748, 0.000114460889406913, 0.000162029307674012, 2.56335457175026, 5.88745894335891, 2.63055549848348, 800701689.588045, 195290715.227089, 97297348.6475153, 0.000124390283527757, 0.000164178612557722, 2.49413878354832, 5.89008406859436, 2.63055549848348
478, 5, 796569584.902805, 561920.42784794, 788359151.073137, 195417362.846988, 97421435.948857, 0.000397127539400309, 0.000429557920427881, 3.56267450558563, 5.58587755299767, 1.95845449488678, 804790499.32276, 195418739.601561, 97421838.2014816, 0.000389576985221939, 0.000430461139162424, 3.5637874294578, 5.58585112404548, 1.95845449488678
789, 9, 801541457.558249, 350695.342808937, 781310517.039232, 195579074.618281, 97607726.286613, 0.000866793579851232, 0.000581043359558709, 6.20842893895839, 6.05795393146486, 4.71590493575082, 821428301.674989, 195578622.953392, 97605884.4496257, 0.000864555830296275, 0.000592534069015661, 6.2302335753315, 6.04777740342176, 4.71590493575082
69, 1, 806604916.133577, 707202.549237454, 800701689.588045, 195290715.227089, 97297348.6475153, 0.000124390283527757, 0.000164178612557722, 2.49413878354832, 5.89008406859436, 2.62664228421557, 812505823.332108, 195291564.58102, 97297302.5553554, 0.00012280417978759, 0.0001646965597288, 2.45612408903248, 5.88879498912691, 2.62664228421557
479, 5, 813039257.10169, 147821.373500194, 804790499.32276, 195418739.601561, 97421838.2014816, 0.000389576985221939, 0.000430461139162424, 3.5637874294578, 5.58585112404548, 2.04045236594675, 821060482.099231, 195419646.866722, 97413264.5749896, 0.000449430181398897, 0.000461144583891221, 3.41232755996492, 5.57001705800278, 2.04045236594675
70, 1, 818393496.163507, 574976.911910667, 812505823.332108, 195291564.58102, 97297302.5553554, 0.00012280417978759, 0.0001646965597288, 2.45612408903248, 5.88879498912691, 2.67575639920106, 824309948.94231, 195287648.64242, 97297951.6419636, 0.000113386957331258, 0.000166012265473584, 2.46178652970575, 5.89139054358131, 2.67575639920106
480, 5, 829070442.881228, 117424.045124977, 821060482.099231, 195419646.866722, 97413264.5749896, 0.000449430181398897, 0.000461144583891221, 3.41232755996492, 5.57001705800278, 2.16336284758644, 837331767.898712, 195422221.90896, 97422739.8166824, 0.000481874026494634, 0.00049575846135587, 3.65106852864019, 5.54100417325021, 2.16336284758644
71, 1, 830190404.704421, 486524.53258957, 824309948.94231, 195287648.64242, 97297951.6419636, 0.000113386957331258, 0.000166012265473584, 2.46178652970575, 5.89139054358131, 2.67229099451933, 836114178.288365, 195289936.17589, 97299143.9278536, 0.000100069531157355, 0.000169117790631869, 2.54057356141967, 5.89231159857572, 2.67229099451933
790, 9, 841418975.060387, 325073.324643144, 821428301.674989, 195578622.953392, 97605884.4496257, 0.000864555830296275, 0.000592534069015661, 6.2302335753315, 6.04777740342176, 4.66152800834167, 860908871.62363, 195576769.44924, 97603330.5765765, 0.000862620625895757, 0.000605279502580203, 6.25831419027644, 6.0359136381535, 4.66152800834167
72, 1, 842013859.805762, 694029.550106506, 836114178.288365, 195289936.17589, 97299143.9278536, 0.000100069531157355, 0.000169117790631869, 2.54057356141967, 5.89231159857572, 2.59228897044505, 847918392.265186, 195290842.381378, 97299215.3803607, 9.67664522375744e-05, 0.000169541337251691, 2.4999193697778, 5.89159778054234, 2.59228897044505
481, 5, 845612508.318692, 453212.643793681, 837331767.898712, 195422221.90896, 97422739.8166824, 0.000481874026494634, 0.00049575846135587, 3.65106852864019, 5.54100417325021, 2.00330672759741, 853920616.633399, 195421758.000757, 97424457.6813522, 0.00047214965522451, 0.000497999520262304, 3.67703894174946, 5.54316859372921, 2.00330672759741
73, 1, 853838970.908842, 556136.002200224, 847918392.265186, 195290842.381378, 97299215.3803607, 9.67664522375744e-05, 0.000169541337251691, 2.4999193697778, 5.89159778054234, 2.62307379467103, 859723494.461943, 195287069.668805, 97298346.2988322, 0.000105579875615863, 0.00017151252220125, 2.42615775535169, 5.8933190497503, 2.62307379467103
482, 5, 862216173.800771, 593671.26125251, 853920616.633399, 195421758.000757, 97424457.6813522, 0.00047214965522451, 0.000497999520262304, 3.67703894174946, 5.54316859372921, 1.91992078251556, 870511019.42703, 195422171.957243, 97424403.4816442, 0.000466361709206251, 0.000499179866539725, 3.67026335655614, 5.54291452296208, 1.91992078251556
74, 1, 865648386.820376, 477777.612624571, 859723494.461943, 195287069.668805, 97298346.2988322, 0.000105579875615863, 0.00017151252220125, 2.42615775535169, 5.8933190497503, 2.76068632831505, 871526878.707511, 195291015.508897, 97297071.7375518, 0.000120287630119959, 0.000174115996886094, 2.36462578746371, 5.89720340797375, 2.76068632831505
75, 1, 877427681.485937, 700378.528096966, 871526878.707511, 195291015.508897, 97297071.7375518, 0.000120287630119959, 0.000174115996886094, 2.36462578746371, 5.89720340797375, 2.76312766276928, 883330857.08023, 195290174.540178, 97297127.4104653, 0.000117938667560752, 0.000174538193724069, 2.32702422129955, 5.89642000112271, 2.76312766276928
483, 5, 878821116.682826, 483660.78512404, 870511019.42703, 195422171.957243, 97424403.4816442, 0.000466361709206251, 0.000499179866539725, 3.67026335655614, 5.54291452296208, 1.97792221516508, 887100747.130997, 195421336.46363, 97422558.5505513, 0.000469376490111184, 0.000502766931127189, 3.63205507429038, 5.54521150378481, 1.97792221516508
791, 9, 880486624.058406, 105172.095131975, 860908871.62363, 195576769.44924, 97603330.5765765, 0.000862620625895757, 0.000605279502580203, 6.25831419027644, 6.0359136381535, 4.6746503304243, 899750201.887126, 195576281.410963, 97601316.7864387, 0.000978746760869839, 0.000641311005231182, 6.27365502946385, 6.0189762672864, 4.6746503304243
76, 1, 889206788.621626, 434815.083620641, 883330857.08023, 195290174.540178, 97297127.4104653, 0.000117938667560752, 0.000174538193724069, 2.32702422129955, 5.89642000112271, 2.80226427862552, 895134913.725412, 195287622.926925, 97298705.1015552, 0.000101402633398793, 0.000179048188186721, 2.44675222554606, 5.89337516205913, 2.80226427862552
484, 5, 895336241.781553, 416974.734536335, 887100747.130997, 195421336.46363, 97422558.5505513, 0.000469376490111184, 0.000502766931127189, 3.63205507429038, 5.54521150378481, 2.03050995573407, 903530070.003329, 195421673.266926, 97419703.2764384, 0.000478957481011539, 0.000508223866877814, 3.57820235181053, 5.54853721145539, 2.03050995573407
77, 1, 901025619.545238, 609658.699954951, 895134913.725412, 195287622.926925, 97298705.1015552, 0.000101402633398793, 0.000179048188186721, 2.44675222554606, 5.89337516205913, 2.68068769503772, 906939185.079548, 195291446.839435, 97299175.7904646, 9.37088031895633e-05, 0.00017991025400717, 2.43435363117939, 5.89520040015285, 2.68068769503772
485, 5, 911699370.16525, 117041.864394635, 903530070.003329, 195421673.266926, 97419703.2764384, 0.000478957481011539, 0.000508223866877814, 3.57820235181053, 5.54853721145539, 2.01386980449403, 920120418.184853, 195423626.425912, 97429082.3011418, 0.000523441401567933, 0.000544728717979135, 3.78866269419865, 5.5207804617668, 2.01386980449403
78, 1, 912846224.218647, 695916.866436324, 906939185.079548, 195291446.839435, 97299175.7904646, 9.37088031895633e-05, 0.00017991025400717, 2.43435363117939, 5.89520040015285, 2.68866637160905, 918743388.539772, 195289089.623596, 97298996.7043506, 9.40954317618777e-05, 0.000180639162564061, 2.37684944222378, 5.8937882874528, 2.68866637160905
792, 9, 919008236.621945, 100001.746594657, 899750201.887126, 195576281.410963, 97601316.7864387, 0.000978746760869839, 0.000641311005231182, 6.27365502946385, 6.0189762672864, 4.61925757089506, 938272637.738667, 195574837.60388, 97601326.8244595, 0.00109141482193026, 0.000681945190235589, 6.24700077277903, 6.01981517773219, 4.61925757089506
79, 1, 924671683.617301, 428466.206561635, 918743388.539772, 195289089.623596, 97298996.7043506, 9.40954317618777e-05, 0.000180639162564061, 2.37684944222378, 5.8937882874528, 2.73751182305374, 930547554.063839, 195289255.581076, 97297450.6573057, 0.000112940729317355, 0.000183672275885444, 2.32169058343476, 5.89855087959658, 2.73751182305374
486, 5, 928574878.478439, 585275.026730228, 920120418.184853, 195423626.425912, 97429082.3011418, 0.000523441401567933, 0.000544728717979135, 3.78866269419865, 5.5207804617668, 1.87721970176883, 937029002.112378, 195423121.179737, 97429096.7669196, 0.000517085065419858, 0.000545914196568773, 3.78434135159025, 5.52054030292238, 1.87721970176883
80, 1, 936455909.831834, 695049.84719352, 930547554.063839, 195289255.581076, 97297450.6573057, 0.000112940729317355, 0.000183672275885444, 2.32169058343476, 5.89855087959658, 2.78721324236187, 942351617.208108, 195292011.276902, 97297244.1187253, 0.000114250629481098, 0.000184439697042918, 2.27496397042938, 5.89718628179557, 2.78721324236187
487, 5, 945437248.559263, 117236.097421524, 937029002.112378, 195423121.179737, 97429096.7669196, 0.000517085065419858, 0.000545914196568773, 3.78434135159025, 5.52054030292238, 1.89009886583207, 953698502.342193, 195423814.845347, 97421645.2698928, 0.000580004622095814, 0.000591655239534574, 3.68403846035931, 5.49162545783614, 1.89009886583207
81, 1, 948243698.212983, 626798.439424572, 942351617.208108, 195292011.276902, 97297244.1187253, 0.000114250629481098, 0.000184439697042918, 2.27496397042938, 5.89718628179557, 2.83919943965584, 954155877.572721, 195288072.323156, 97297653.9790235, 0.000107624287136064, 0.000185167515141389, 2.24866530259557, 5.89864184481682, 2.83919943965584
793, 9, 957528757.633336, 109013.349077884, 938272637.738667, 195574837.60388, 97601326.8244595, 0.00109141482193026, 0.000681945190235589, 6.24700077277903, 6.01981517773219, 4.59450161658937, 977592105.982831, 195573736.072059, 97606312.2671128, 0.00115425615517913, 0.000732641321860681, 6.16639183511747, 6.04340165626867, 4.59450161658937
82, 1, 960032927.987905, 440543.336652363, 954155877.572721, 195288072.323156, 97297653.9790235, 0.000107624287136064, 0.000185167515141389, 2.24866530259557, 5.89864184481682, 2.88210077925079, 965960049.741054, 195289407.160667, 97299187.8157476, 9.04404705357085e-05, 0.000189522302725641, 2.360833891854, 5.89610617880169, 2.88210077925079
488, 5, 961910275.245926, 585552.415120123, 953698502.342193, 195423814.845347, 97421645.2698928, 0.000580004622095814, 0.000591655239534574, 3.68403846035931, 5.49162545783614, 2.02833384051418, 970128706.163108, 195425227.255687, 97421902.3527316, 0.000573300810653022, 0.000592622667340416, 3.68231259443736, 5.49144905858569, 2.02833384051418
83, 1, 971859764.255357, 690008.906612828, 965960049.741054, 195289407.160667, 97299187.8157476, 9.04404705357085e-05, 0.000189522302725641, 2.360833891854, 5.89610617880169, 2.76945477674894, 977764330.403653, 195290853.868706, 97299288.4224208, 8.74995915987521e-05, 0.000189936403343053, 2.31147437488894, 5.89560833939096, 2.76945477674894
489, 5, 978377056.577701, 151248.792134089, 970128706.163108, 195425227.255687, 97421902.3527316, 0.000573300810653022, 0.000592622667340416, 3.68231259443736, 5.49144905858569, 2.02002676851502, 986877709.570902, 195426494.218074, 97430453.3223174, 0.000593818718392192, 0.000618692706390018, 3.83260464489171, 5.48222613789923, 2.02002676851502
84, 1, 983685624.600156, 545392.397973206, 977764330.403653, 195290853.868706, 97299288.4224208, 8.74995915987521e-05, 0.000189936403343053, 2.31147437488894, 5.89560833939096, 2.81317269655315, 989568431.425825, 195286676.857198, 97298367.0063559, 9.81152273654442e-05, 0.000191998117148859, 2.24923254082448, 5.89729942232242, 2.81317269655315
490, 5, 995331033.349522, 581866.105562502, 986877709.570902, 195426494.218074, 97430453.3223174, 0.000593818718392192, 0.000618692706390018, 3.83260464489171, 5.48222613789923, 1.88092905128775, 1003786584.95723, 195427352.976203, 97430575.6226124, 0.000587184661837002, 0.000619828468953296, 3.83015463426752, 5.48202378110017, 1.88092905128775
85, 1, 995495470.103612, 446707.54869775, 989568431.425825, 195286676.857198, 97298367.0063559, 9.81152273654442e-05, 0.000191998117148859, 2.24923254082448, 5.89729942232242, 2.85922854436402, 1001372671.128, 195291108.682409, 97296924.007721, 0.000115955537983757, 0.000194869869020593, 2.212106439209, 5.90128490488819, 2.85922854436402
794, 9, 997579207.504864, 212351.631057919, 977592105.982831, 195573736.072059, 97606312.2671128, 0.00115425615517913, 0.000732641321860681, 6.16639183511747, 6.04340165626867, 4.56631615864301, 1016833387.78916, 195571931.5856, 97601086.8695, 0.00116625402451487, 0.000757180186157596, 6.22337862415133, 6.01543731282023, 4.56631615864301
86, 1, 1007271078.15248, 691273.197411099, 1001372671.128, 195291108.682409, 97296924.007721, 0.000115955537983757, 0.000194869869020593, 2.212106439209, 5.90128490488819, 2.9059046165672, 1013176652.58267, 195289079.346592, 97297038.5061447, 0.000113475791625644, 0.00019527396301408, 2.17177466371708, 5.90088257570474, 2.9059046165672
491, 5, 1012273744.69404, 125827.839814037, 1003786584.95723, 195427352.976203, 97430575.6226124, 0.000587184661837002, 0.000619828468953296, 3.83015463426752, 5.48202378110017, 1.88560739571102, 1020535752.87088, 195428608.613511, 97423036.4578325, 0.000643864013720756, 0.000664806143348003, 3.73715106064817, 5.46078422247059, 1.88560739571102
87, 1, 1019039113.39801, 262836.998332231, 1013176652.58267, 195289079.346592, 97297038.5061447, 0.000113475791625644, 0.00019527396301408, 2.17177466371708, 5.90088257570474, 2.94934129357814, 1024980880.80763, 195289012.847434, 97299404.8904804, 9.7535316763675e-05, 0.00020407638295372, 2.52452558216922, 5.87766469838204, 2.94934129357814
492, 5, 1028824551.76363, 554916.138829104, 1020535752.87088, 195428608.613511, 97423036.4578325, 0.000643864013720756, 0.000664806143348003, 3.73715106064817, 5.46078422247059, 2.0021376071491, 1037125392.66865, 195427218.980145, 97423631.8067963, 0.000635937702888234, 0.000665773536748959, 3.73987827414344, 5.46078313743127, 2.0021376071491
88, 1, 1030880560.01318, 689914.113490341, 1024980880.80763, 195289012.847434, 97299404.8904804, 9.7535316763675e-05, 0.00020407638295372, 2.52452558216922, 5.87766469838204, 2.62407662658211, 1036785156.13745, 195290581.226249, 97299497.6926062, 9.4092421524927e-05, 0.000204495592904451, 2.48298792510633, 5.87715628805095, 2.62407662658211
795, 9, 1036014414.07175, 105051.959321856, 1016833387.78916, 195571931.5856, 97601086.8695, 0.00116625402451487, 0.000757180186157596, 6.22337862415133, 6.01543731282023, 4.56916674552763, 1054877345.46525, 195570818.659734, 97598650.6475472, 0.0012797756207733, 0.000791867534395662, 6.24871160905146, 5.99063326953863, 4.56916674552763
89, 1, 1042714677.36995, 396009.239280084, 1036785156.13745, 195290581.226249, 97299497.6926062, 9.4092421524927e-05, 0.000204495592904451, 2.48298792510633, 5.87715628805095, 2.65648432051927, 1048590226.14028, 195287827.65918, 97297762.0117497, 0.00011532202104969, 0.000207804260138684, 2.4181492959704, 5.88191946719609, 2.65648432051927
493, 5, 1045374025.10373, 328071.27283267, 1037125392.66865, 195427218.980145, 97423631.8067963, 0.000635937702888234, 0.000665773536748959, 3.73987827414344, 5.46078313743127, 2.0121564009977, 1053794679.98706, 195428691.18753, 97427552.9460781, 0.000627567461393355, 0.000672570407206424, 3.79233111694692, 5.46325570176677, 2.0121564009977
90, 1, 1054504450.43742, 631070.617425159, 1048590226.14028, 195287827.65918, 97297762.0117497, 0.00011532202104969, 0.000207804260138684, 2.4181492959704, 5.88191946719609, 2.78171358085177, 1060393586.61853, 195292141.908542, 97297228.2863671, 0.000120350951435365, 0.000209181837789891, 2.36530724133526, 5.88174487767321, 2.78171358085177
494, 5, 1062170735.5183, 597982.221735383, 1053794679.98706, 195428691.18753, 97427552.9460781, 0.000627567461393355, 0.000672570407206424, 3.79233111694692, 5.46325570176677, 1.94528808697414, 1070544629.09289, 195429178.205915, 97427455.2995614, 0.000622112440362665, 0.000673826780650851, 3.78657659886697, 5.46316985052344, 1.94528808697414
91, 1, 1066290741.81086, 682338.108293367, 1060393586.61853, 195292141.908542, 97297228.2863671, 0.000120350951435365, 0.000209181837789891, 2.36530724133526, 5.88174487767321, 2.78076260357782, 1072197579.74223, 195290025.897531, 97297389.41568, 0.000116677251133769, 0.000209594127451669, 2.33113637705549, 5.88163097244701, 2.78076260357782
796, 9, 1073831816.26962, 351468.180768215, 1054877345.46525, 195570818.659734, 97598650.6475472, 0.0012797756207733, 0.000791867534395662, 6.24871160905146, 5.99063326953863, 4.51211197606408, 1092363658.13221, 195570771.608424, 97596319.2434588, 0.00128136265627807, 0.000801636343496636, 6.26692388844043, 5.98277925474653, 4.51211197606408
92, 1, 1078076847.1634, 475752.176798236, 1072197579.74223, 195290025.897531, 97297389.41568, 0.000116677251133769, 0.000209594127451669, 2.33113637705549, 5.88163097244701, 2.81394686548559, 1084001731.5993, 195288329.890939, 97298662.1820801, 0.000101723365408647, 0.000212978481059252, 2.40119835236103, 5.88181326143841, 2.81394686548559
495, 5, 1078942501.25181, 358569.680981376, 1070544629.09289, 195429178.205915, 97427455.2995614, 0.000622112440362665, 0.000673826780650851, 3.78657659886697, 5.46316985052344, 2.00209406603444, 1087214019.432, 195428385.652294, 97423543.2408928, 0.000636694853691387, 0.000681586697765532, 3.73349765908857, 5.4663496771552, 2.00209406603444
93, 1, 1089892410.23398, 618503.389776446, 1084001731.5993, 195288329.890939, 97298662.1820801, 0.000101723365408647, 0.000212978481059252, 2.40119835236103, 5.88181326143841, 2.74479287966288, 1095805991.75537, 195291675.033935, 97299095.4036936, 9.45343040653069e-05, 0.000213748777288284, 2.38111692154907, 5.88316819232362, 2.74479287966288
496, 5, 1095512079.32837, 602842.62654019, 1087214019.432, 195428385.652294, 97423543.2408928, 0.000636694853691387, 0.000681586697765532, 3.73349765908857, 5.4663496771552, 2.05009330063185, 1103803077.16911, 195428403.298061, 97423238.0331097, 0.000632538791517675, 0.000682982546695396, 3.72493780661929, 5.46642564274128, 2.05009330063185
94, 1, 1101712866.80074, 698876.033447162, 1095805991.75537, 195291675.033935, 97299095.4036936, 9.45343040653069e-05, 0.000213748777288284, 2.38111692154907, 5.88316819232362, 2.76092810467463, 1107610119.18069, 195289807.632791, 97298944.8807956, 9.48935585847768e-05, 0.000214431868606211, 2.32520028342091, 5.88197940376443, 2.76092810467463
797, 9, 1110897247.04564, 322643.350197965, 1092363658.13221, 195570771.608424, 97596319.2434588, 0.00128136265627807, 0.000801636343496636, 6.26692388844043, 5.98277925474653, 4.51359758773992, 1129929647.39464, 195571450.816241, 97599065.0772178, 0.00127649699081345, 0.00081282861549122, 6.25560521726551, 5.98230063465446, 4.51359758773992
497, 5, 1112051520.75498, 269108.153878153, 1103803077.16911, 195428403.298061, 97423238.0331097, 0.000632538791517675, 0.000682982546695396, 3.72493780661929, 5.46642564274128, 2.02414140675256, 1120472433.01349, 195429854.462992, 97428208.6525078, 0.000627058618982858, 0.000692939607016711, 3.79537144326676, 5.46814883145438, 2.02414140675256
95, 1, 1113533730.6937, 495364.240854761, 1107610119.18069, 195289807.632791, 97298944.8807956, 9.48935585847768e-05, 0.000214431868606211, 2.32520028342091, 5.88197940376443, 2.80288808566965, 1119414291.59254, 195288943.832579, 97297768.5408869, 0.000108852928140263, 0.000216878494269553, 2.27114922690955, 5.88464974915164, 2.80288808566965
96, 1, 1125326997.2113, 662660.400856894, 1119414291.59254, 195288943.832579, 97297768.5408869, 0.000108852928140263, 0.000216878494269553, 2.27114922690955, 5.88464974915164, 2.8522190260316, 1131218459.10412, 195292148.995711, 97297379.7759439, 0.000112840364467725, 0.000217989561186861, 2.22219660840851, 5.88389745639776, 2.8522190260316
498, 5, 1128879248.1734, 167218.291859148, 1120472433.01349, 195429854.462992, 97428208.6525078, 0.000627058618982858, 0.000692939607016711, 3.79537144326676, 5.46814883145438, 1.94270019706259, 1137062498.57789, 195428756.739557, 97420331.6431131, 0.000672362990557637, 0.000725084392037489, 3.70025451099067, 5.46125917114531, 1.94270019706259
97, 1, 1137115770.45429, 685651.131439436, 1131218459.10412, 195292148.995711, 97297379.7759439, 0.000112840364467725, 0.000217989561186861, 2.22219660840851, 5.88389745639776, 2.91081584889543, 1143022566.43507, 195290534.110477, 97297526.870176, 0.00010994763781589, 0.000218398530785553, 2.18120886114507, 5.88370614448837, 2.91081584889543
499, 5, 1145279910.60857, 613649.208274241, 1137062498.57789, 195428756.739557, 97420331.6431131, 0.000672362990557637, 0.000725084392037489, 3.70025451099067, 5.46125917114531, 2.07107526611062, 1153492143.58116, 195428412.076393, 97420186.4318479, 0.000667778774643996, 0.0007263026878748, 3.69385635495283, 5.4611992446086, 2.07107526611062
798, 9, 1148831210.42919, 367941.303766862, 1129929647.39464, 195571450.816241, 97599065.0772178, 0.00127649699081345, 0.00081282861549122, 6.25560521726551, 5.98230063465446, 4.53452562235378, 1167974710.81438, 195571834.106287, 97600163.8582914, 0.0012756057792963, 0.000821189150915145, 6.2533437538443, 5.98000958736813, 4.53452562235378
98, 1, 1148907683.25663, 538618.938105179, 1143022566.43507, 195290534.110477, 97297526.870176, 0.00010994763781589, 0.000218398530785553, 2.18120886114507, 5.88370614448837, 2.9578659753149, 1154826809.80779, 195288440.397583, 97298380.2924359, 9.82435574863903e-05, 0.000220339091422869, 2.18204850408842, 5.88551782457765, 2.9578659753149
99, 1, 1160714694.58262, 590095.114240584, 1154826809.80779, 195288440.397583, 97298380.2924359, 9.82435574863903e-05, 0.000220339091422869, 2.18204850408842, 5.88551782457765, 2.96462415257799, 1166630971.15782, 195291085.195498, 97298950.5063841, 8.98570621100447e-05, 0.000221443834683165, 2.15567101809496, 5.88723644013429, 2.96462415257799
500, 5, 1161660725.09415, 133089.176157113, 1153492143.58116, 195428412.076393, 97420186.4318479, 0.000667778774643996, 0.0007263026878748, 3.69385635495283, 5.4611992446086, 2.05343663519345, 1170082472.96093, 195431672.975931, 97428954.8869685, 0.000694594287453435, 0.000760423733722961, 3.83280345396118, 5.44579239596518, 2.05343663519345
100, 1, 1172533124.20126, 700637.635471752, 1166630971.15782, 195291085.195498, 97298950.5063841, 8.98570621100447e-05, 0.000221443834683165, 2.15567101809496, 5.88723644013429, 2.98193014655908, 1178435224.39033, 195291091.261611, 97298956.5922446, 8.92299905592451e-05, 0.000221910221252376, 2.09949166446613, 5.88637209462721, 2.98193014655908
501, 5, 1178532725.19251, 578507.83220191, 1170082472.96093, 195431672.975931, 97428954.8869685, 0.000694594287453435, 0.000760423733722961, 3.83280345396118, 5.44579239596518, 1.97094503317795, 1186990887.59359, 195430305.674969, 97429262.7755914, 0.000687606174294348, 0.000761484440997796, 3.83240667383869, 5.44559881706018, 1.97094503317795
101, 1, 1184351271.83061, 613073.489736877, 1178435224.39033, 195291091.261611, 97298956.5922446, 8.92299905592451e-05, 0.000221910221252376, 2.09949166446613, 5.88637209462721, 3.0347668499646, 1190239381.4335, 195288528.449297, 97298349.2144252, 9.68174687223051e-05, 0.000223430872560989, 2.052682741419, 5.88641672807019, 3.0347668499646
799, 9, 1186984969.90862, 329536.1849431, 1167974710.81438, 195571834.106287, 97600163.8582914, 0.0012756057792963, 0.000821189150915145, 6.2533437538443, 5.98000958736813, 4.5817194812315, 1206497766.818, 195573642.811798, 97602607.4880587, 0.00127130368111118, 0.000832287444549822, 6.24393787697049, 5.97901083240601, 4.5817194812315
502, 5, 1195398429.5961, 105216.141915963, 1186990887.59359, 195430305.674969, 97429262.7755914, 0.000687606174294348, 0.000761484440997796, 3.83240667383869, 5.44559881706018, 1.96605861705589, 1203979501.72302, 195435561.761242, 97434497.5296401, 0.000748542489635755, 0.000816488834345484, 3.92561335916977, 5.4137024766786, 1.96605861705589
102, 1, 1196159934.92964, 556481.046664721, 1190239381.4335, 195288528.449297, 97298349.2144252, 9.68174687223051e-05, 0.000223430872560989, 2.052682741419, 5.88641672807019, 3.0740163182187, 1202043534.20317, 195290728.009508, 97297476.5181821, 0.000107833490842712, 0.000225399231769771, 2.02135504269479, 5.88760754020983, 3.0740163182187
103, 1, 1207947802.0613, 706556.196827122, 1202043534.20317, 195290728.009508, 97297476.5181821, 0.000107833490842712, 0.000225399231769771, 2.02135504269479, 5.88760754020983, 3.10696582622923, 1213847615.3633, 195291942.553204, 97297384.4673364, 0.000109177016606706, 0.000225976456352498, 1.97623001852735, 5.88651947665253, 3.10696582622923
503, 5, 1212584248.47925, 514527.984340655, 1203979501.72302, 195435561.761242, 97434497.5296401, 0.000748542489635755, 0.000816488834345484, 3.92561335916977, 5.4137024766786, 1.90603358093356, 1221207804.3604, 195434719.25481, 97435435.8811914, 0.000739825260108318, 0.000817702275715872, 3.9325534680662, 5.41374302877716, 1.90603358093356
104, 1, 1219738288.17802, 616182.865628127, 1213847615.3633, 195291942.553204, 97297384.4673364, 0.000109177016606706, 0.000225976456352498, 1.97623001852735, 5.88651947665253, 3.15730552248347, 1225651814.62459, 195288543.690004, 97297835.189344, 0.000103114722092644, 0.000226789539527337, 1.9327368703916, 5.88783520304415, 3.15730552248347
800, 9, 1225913558.62123, 108306.679960803, 1206497766.818, 195573642.811798, 97602607.4880587, 0.00127130368111118, 0.000832287444549822, 6.24393787697049, 5.97901083240601, 4.58675265310507, 1246136456.24692, 195572594.708261, 97607319.0627657, 0.00133736861421016, 0.000882865742599188, 6.17718914830358, 5.99591261326786, 4.58675265310507
504, 5, 1229810198.01784, 483964.672516908, 1221207804.3604, 195434719.25481, 97435435.8811914, 0.000739825260108318, 0.000817702275715872, 3.9325534680662, 5.41374302877716, 1.95716424884627, 1238435552.18655, 195435951.628213, 97436712.6832011, 0.000730615680685998, 0.000819157870065904, 3.94364222410437, 5.41401842794567, 1.95716424884627
105, 1, 1231533194.37632, 505384.999152505, 1225651814.62459, 195288543.690004, 97297835.189344, 0.000103114722092644, 0.000226789539527337, 1.9327368703916, 5.88783520304415, 3.21037416715807, 1237455278.03527, 195289532.985204, 97298897.5984973, 8.89651002869886e-05, 0.000229440545185116, 1.92194290254386, 5.8888806759573, 3.21037416715807
106, 1, 1243352427.34587, 672212.217653079, 1237455278.03527, 195289532.985204, 97298897.5984973, 8.89651002869886e-05, 0.000229440545185116, 1.92194290254386, 5.8888806759573, 3.16171733283783, 1249260231.6012, 195291598.347489, 97299089.6057501, 8.68699943037049e-05, 0.000229872996818033, 1.86173933655713, 5.88893561513455, 3.16171733283783
505, 5, 1247110861.04599, 381659.512453919, 1238435552.18655, 195435951.628213, 97436712.6832011, 0.000730615680685998, 0.000819157870065904, 3.94364222410437, 5.41401842794567, 1.93677170578201, 1255822727.5227, 195435751.934219, 97439988.3651773, 0.0007228153481324, 0.000823909223670114, 3.98026618188056, 5.41558642404893, 1.93677170578201
107, 1, 1255172905.47218, 662271.604258683, 1249260231.6012, 195291598.347489, 97299089.6057501, 8.68699943037049e-05, 0.000229872996818033, 1.86173933655713, 5.88893561513455, 3.27261102297207, 1261064333.53273, 195288437.438113, 97298705.4976485, 9.26125484267923e-05, 0.000230981420248262, 1.8217219606636, 5.88813161965054, 3.27261102297207
506, 5, 1264593105.15462, 567321.476691731, 1255822727.5227, 195435751.934219, 97439988.3651773, 0.0007228153481324, 0.000823909223670114, 3.98026618188056, 5.41558642404893, 1.89230479336492, 1273369495.41761, 195434212.575197, 97440256.3313118, 0.000715619052847509, 0.000825115334229606, 3.98012816083358, 5.41540069965566, 1.89230479336492
801, 9, 1266284648.41555, 262978.666302475, 1246136456.24692, 195572594.708261, 97607319.0627657, 0.00133736861421016, 0.000882865742599188, 6.17718914830358, 5.99591261326786, 4.56254267141435, 1285775863.73513, 195570721.116055, 97603193.8594951, 0.00134033410654823, 0.000899675689919265, 6.21072923426545, 5.98095387548209, 4.56254267141435
108, 1, 1266990101.49758, 455308.629855649, 1261064333.53273, 195288437.438113, 97298705.4976485, 9.26125484267923e-05, 0.000230981420248262, 1.8217219606636, 5.88813161965054, 3.29802683262509, 1272868867.44442, 195290091.766475, 97297309.8120259, 0.000109939338284082, 0.000233786341533855, 1.84874733492756, 5.89122577081218, 3.29802683262509
109, 1, 1278772965.798, 705977.920349922, 1272868867.44442, 195290091.766475, 97297309.8120259, 0.000109939338284082, 0.000233786341533855, 1.84874733492756, 5.89122577081218, 3.29954807385965, 1284672669.44212, 195291635.390337, 97297214.6610837, 0.000112105038377017, 0.000234364431093467, 1.80728583027128, 5.89015676266183, 3.29954807385965
507, 5, 1282091245.44331, 248480.732232201, 1273369495.41761, 195434212.575197, 97440256.3313118, 0.000715619052847509, 0.000825115334229606, 3.98012816083358, 5.41540069965566, 1.91230122510456, 1290676992.43701, 195434937.489235, 97433771.1694873, 0.000739701907199204, 0.000843318421524797, 3.90480678733703, 5.41748281872026, 1.91230122510456
110, 1, 1290560340.7023, 575981.255228672, 1284672669.44212, 195291635.390337, 97297214.6610837, 0.000112105038377017, 0.000234364431093467, 1.80728583027128, 5.89015676266183, 3.32649703059235, 1296475839.47908, 195287192.435585, 97297866.9461697, 0.000103950825922081, 0.000235700835466332, 1.76050234834186, 5.89181869362069, 3.32649703059235
508, 5, 1299219281.39487, 557572.580229451, 1290676992.43701, 195434937.489235, 97433771.1694873, 0.000739701907199204, 0.000843318421524797, 3.90480678733703, 5.41748281872026, 1.98445482443144, 1307744580.93717, 195434810.454335, 97432905.1360178, 0.000737222540370003, 0.00084531411590311, 3.89182293171095, 5.41810097894374, 1.98445482443144
111, 1, 1302353897.70663, 444678.124748211, 1296475839.47908, 195287192.435585, 97297866.9461697, 0.000103950825922081, 0.000235700835466332, 1.76050234834186, 5.89181869362069, 3.30188487106161, 1308280979.78128, 195289959.063837, 97299368.2689016, 8.40951131710304e-05, 0.000239930150195414, 1.76672948352999, 5.8898681142397, 3.30188487106161
802, 9, 1305319324.48078, 366802.512528834, 1285775863.73513, 195570721.116055, 97603193.8594951, 0.00134033410654823, 0.000899675689919265, 6.21072923426545, 5.98095387548209, 4.51311909918306, 1324617901.08029, 195570470.52284, 97601450.2106967, 0.00134172418623764, 0.000909110481075753, 6.22463663350402, 5.97446821601695, 4.51311909918306
112, 1, 1314183139.40977, 699909.891148914, 1308280979.78128, 195289959.063837, 97299368.2689016, 8.40951131710304e-05, 0.000239930150195414, 1.76672948352999, 5.8898681142397, 3.36852668244106, 1320085257.83741, 195289778.207778, 97299362.3117527, 8.55440434607644e-05, 0.000240406222069595, 1.70919339454553, 5.8890132475175, 3.36852668244106
509, 5, 1316297950.79466, 422128.797865677, 1307744580.93717, 195434810.454335, 97432905.1360178, 0.000737222540370003, 0.00084531411590311, 3.89182293171095, 5.41810097894374, 1.93574822580252, 1324732996.60509, 195431873.083059, 97430141.759449, 0.000744288690826112, 0.000850127376825551, 3.8592167018827, 5.42014689387657, 1.93574822580252
113, 1, 1326016413.25301, 362997.403769049, 1320085257.83741, 195289778.207778, 97299362.3117527, 8.55440434607644e-05, 0.000240406222069595, 1.70919339454553, 5.8890132475175, 3.4187372481035, 1331889358.46301, 195288871.93084, 97297420.3597436, 0.00010838725636127, 0.000244107876598126, 1.81500560126259, 5.89295952126168, 3.4187372481035
510, 5, 1333220077.61818, 152855.104650757, 1324732996.60509, 195431873.083059, 97430141.759449, 0.000744288690826112, 0.000850127376825551, 3.8592167018827, 5.42014689387657, 1.95955220106006, 1341961413.06155, 195435047.536512, 97438604.6442074, 0.000765236836714397, 0.000879011328542297, 3.97020390115417, 5.41193378196749, 1.95955220106006
114, 1, 1337797928.4011, 690580.15247793, 1331889358.46301, 195288871.93084, 97297420.3597436, 0.00010838725636127, 0.000244107876598126, 1.81500560126259, 5.89295952126168, 3.30069788538135, 1343693585.86868, 195292008.128227, 97297180.0994881, 0.000112508213931368, 0.000244933163939492, 1.77918506871597, 5.89190243732557, 3.30069788538135
803, 9, 1343874797.49207, 114478.235856131, 1324617901.08029, 195570470.52284, 97601450.2106967, 0.00134172418623764, 0.000909110481075753, 6.22463663350402, 5.97446821601695, 4.50458679202528, 1364098841.01196, 195570392.092711, 97607554.6234121, 0.00138632295996058, 0.000960633990524798, 6.15711345546459, 5.99015300206915, 4.50458679202528
115, 1, 1349584123.5243, 622155.629379658, 1343693585.86868, 195292008.128227, 97297180.0994881, 0.000112508213931368, 0.000244933163939492, 1.77918506871597, 5.89190243732557, 3.35517486558214, 1355496616.28038, 195287703.058423, 97297606.0701821, 0.000107743431499369, 0.000245696730445423, 1.72772356705632, 5.89299165519475, 3.35517486558214
511, 5, 1350646266.21854, 519703.743928735, 1341961413.06155, 195435047.536512, 97438604.6442074, 0.000765236836714397, 0.000879011328542297, 3.97020390115417, 5.41193378196749, 1.93514162601281, 1359349314.31547, 195436635.231812, 97439454.78776, 0.000756730804794437, 0.000880237854822024, 3.97629440904426, 5.41183636934544, 1.93514162601281
116, 1, 1361367879.89585, 396993.491571417, 1355496616.28038, 195287703.058423, 97297606.0701821, 0.000107743431499369, 0.000245696730445423, 1.72772356705632, 5.89299165519475, 3.32688409589597, 1367301818.02829, 195289736.534427, 97299431.4835734, 8.34561748196279e-05, 0.000251180107933106, 1.77412563100045, 5.88765364546386, 3.32688409589597
512, 5, 1368107965.45637, 444395.132868337, 1359349314.31547, 195436635.231812, 97439454.78776, 0.000756730804794437, 0.000880237854822024, 3.97629440904426, 5.41183636934544, 1.96603128876913, 1376895185.63648, 195437420.095786, 97441283.8526743, 0.000747416374039233, 0.00088232481409628, 3.99394830098265, 5.41232506994875, 1.96603128876913
117, 1, 1373203909.66615, 699677.978520944, 1367301818.02829, 195289736.534427, 97299431.4835734, 8.34561748196279e-05, 0.000251180107933106, 1.77412563100045, 5.88765364546386, 3.36302146595136, 1379106108.89193, 195289633.683898, 97299430.6797625, 8.48153409094155e-05, 0.000251652640897208, 1.71575051314996, 5.88684222118931, 3.36302146595136
804, 9, 1384326570.05985, 306202.239701943, 1364098841.01196, 195570392.092711, 97607554.6234121, 0.00138632295996058, 0.000960633990524798, 6.15711345546459, 5.99015300206915, 4.61724697639254, 1404057003.15231, 195568900.624739, 97604452.7443413, 0.00138794998428578, 0.000973621895002927, 6.18055746045368, 5.9799133668614, 4.61724697639254
118, 1, 1385039571.60122, 309326.397132724, 1379106108.89193, 195289633.683898, 97299430.6797625, 8.48153409094155e-05, 0.000251652640897208, 1.71575051314996, 5.88684222118931, 3.41409377964571, 1390910212.37682, 195289547.737296, 97297152.8493618, 0.000111552350020665, 0.000256037156135769, 1.87358534840868, 5.88995689299297, 3.41409377964571
513, 5, 1385667170.81428, 576357.418464256, 1376895185.63648, 195437420.095786, 97441283.8526743, 0.000747416374039233, 0.00088232481409628, 3.99394830098265, 5.41232506994875, 1.89130298763084, 1394441926.21963, 195438094.203154, 97441397.1533846, 0.000740665024589965, 0.000883619219548946, 3.99210319917199, 5.41216549567631, 1.89130298763084
119, 1, 1396815839.96774, 707147.912548537, 1390910212.37682, 195289547.737296, 97297152.8493618, 0.000111552350020665, 0.000256037156135769, 1.87358534840868, 5.88995689299297, 3.24651004659823, 1402714339.70879, 195291441.654903, 97297048.6731904, 0.000113725881161292, 0.000256630564509043, 1.83255074795375, 5.88894987533923, 3.24651004659823
514, 5, 1403232210.99828, 438773.314043475, 1394441926.21963, 195438094.203154, 97441397.1533846, 0.000740665024589965, 0.000883619219548946, 3.99210319917199, 5.41216549567631, 1.88479315988231, 1411987909.07195, 195433503.116994, 97438964.1422296, 0.000743810589945552, 0.000887849342537686, 3.96250645547596, 5.41395751192677, 1.88479315988231
120, 1, 1408597980.38087, 526293.509618229, 1402714339.70879, 195291441.654903, 97297048.6731904, 0.000113725881161292, 0.000256630564509043, 1.83255074795375, 5.88894987533923, 3.30109739573913, 1414518463.9478, 195286056.624246, 97297974.2273329, 0.000101633078161045, 0.000258812378114868, 1.8008493761657, 5.89018773749919, 3.30109739573913
121, 1, 1420393135.368, 419189.471032043, 1414518463.9478, 195286056.624246, 97297974.2273329, 0.000101633078161045, 0.000258812378114868, 1.8008493761657, 5.89018773749919, 3.33790054417782, 1426322684.92935, 195290444.042797, 97299655.5819519, 7.94697292214836e-05, 0.000263751788500218, 1.84466305607475, 5.88667174531202, 3.33790054417782
515, 5, 1420675032.93839, 539818.42917066, 1411987909.07195, 195433503.116994, 97438964.1422296, 0.000743810589945552, 0.000887849342537686, 3.96250645547596, 5.41395751192677, 1.86883224510949, 1429376592.65886, 195435816.152519, 97439602.1040733, 0.000735737778660661, 0.000889020237091462, 3.9663634361366, 5.41377898311138, 1.86883224510949
805, 9, 1423709113.61717, 199110.669705391, 1404057003.15231, 195568900.624739, 97604452.7443413, 0.00138794998428578, 0.000973621895002927, 6.18055746045368, 5.9799133668614, 4.56629608943083, 1444415063.23288, 195570669.781249, 97610257.3312037, 0.00138033726668906, 0.00100091924975177, 6.14948149424447, 5.98257684130063, 4.56629608943083
122, 1, 1432229694.92291, 698862.627695297, 1426322684.92935, 195290444.042797, 97299655.5819519, 7.94697292214836e-05, 0.000263751788500218, 1.84466305607475, 5.88667174531202, 3.29276792608523, 1438126890.63785, 195287346.973705, 97299504.5976581, 8.24602147553444e-05, 0.000264434367814189, 1.78951718309885, 5.88564000584818, 3.29276792608523
516, 5, 1438143242.55781, 541511.200017061, 1429376592.65886, 195435816.152519, 97439602.1040733, 0.000735737778660661, 0.000889020237091462, 3.9663634361366, 5.41377898311138, 1.95856303251953, 1446921864.96894, 195433879.010117, 97440212.5890835, 0.000727716883762797, 0.000890192944558891, 3.96999589239273, 5.41359252070502, 1.95856303251953
123, 1, 1444069063.50424, 252922.576794721, 1438126890.63785, 195287346.973705, 97299504.5976581, 8.24602147553444e-05, 0.000264434367814189, 1.78951718309885, 5.88564000584818, 3.33192691806332, 1450010834.94375, 195290385.816714, 97301821.7830986, 5.67803648449664e-05, 0.000273566541910864, 2.24642373361877, 5.86618095691252, 3.33192691806332
517, 5, 1455632752.9354, 441009.202561171, 1446921864.96894, 195433879.010117, 97440212.5890835, 0.000727716883762797, 0.000890192944558891, 3.96999589239273, 5.41359252070502, 1.86107435049932, 1464309202.00509, 195437106.357454, 97437808.6951351, 0.000731090230668204, 0.000894369023610489, 3.94034828622921, 5.41532097897546, 1.86107435049932
124, 1, 1455981139.84023, 603221.968922628, 1450010834.94375, 195290385.816714, 97301821.7830986, 5.67803648449664e-05, 0.000273566541910864, 2.24642373361877, 5.86618095691252, 2.90252265089805, 1461895269.8797, 195281618.884182, 97302300.6907729, 4.93733315807324e-05, 0.000274442590130139, 2.19155741621258, 5.86735189591646, 2.90252265089805
806, 9, 1465041579.42536, 264833.290511605, 1444415063.23288, 195570669.781249, 97610257.3312037, 0.00138033726668906, 0.00100091924975177, 6.14948149424447, 5.98257684130063, 4.63830614655147, 1485010827.90487, 195569413.145135, 97606179.6782697, 0.00138376884650022, 0.00101810542417601, 6.18135075153812, 5.96860980992081, 4.63830614655147
125, 1, 1467886566.76081, 664308.704519504, 1461895269.8797, 195281618.884182, 97302300.6907729, 4.93733315807324e-05, 0.000274442590130139, 2.19155741621258, 5.86735189591646, 2.98285259581022, 1473858366.54986, 195290002.831293, 97301948.5572977, 5.35390172518243e-05, 0.000275517156358876, 2.09120432451389, 5.86663655828788, 2.98285259581022
518, 5, 1473003579.07186, 587116.924051941, 1464309202.00509, 195437106.357454, 97437808.6951351, 0.000731090230668204, 0.000894369023610489, 3.94034828622921, 5.41532097897546, 1.88157805361091, 1481697055.68275, 195436858.557094, 97437810.354573, 0.000724907608949249, 0.000895675514881408, 3.93692808862377, 5.41520084149351, 1.88157805361091
126, 1, 1479795921.75771, 214632.026401379, 1473858366.54986, 195290002.831293, 97301948.5572977, 5.35390172518243e-05, 0.000275517156358876, 2.09120432451389, 5.86663655828788, 3.0647619282943, 1485742193.46539, 195289139.237313, 97299784.6882766, 9.15689292641603e-05, 0.000282465708583298, 2.42912105157312, 5.85834820995169, 3.0647619282943
519, 5, 1490375559.39801, 423472.305600527, 1481697055.68275, 195436858.557094, 97437810.354573, 0.000724907608949249, 0.000895675514881408, 3.93692808862377, 5.41520084149351, 1.94409937184107, 1499083722.09465, 195435906.329012, 97440029.2786395, 0.000715488464508244, 0.000898331979205481, 3.96013843558396, 5.41590754866846, 1.94409937184107
127, 1, 1491644421.19405, 700363.380115956, 1485742193.46539, 195289139.237313, 97299784.6882766, 9.15689292641603e-05, 0.000282465708583298, 2.42912105157312, 5.85834820995169, 2.73090857295034, 1497546595.8791, 195288951.756797, 97299786.6631927, 8.9812401984979e-05, 0.000282950656229358, 2.37636968075817, 5.85762835799521, 2.73090857295034
128, 1, 1503489527.63061, 275467.961517199, 1497546595.8791, 195288951.756797, 97299786.6631927, 8.9812401984979e-05, 0.000282950656229358, 2.37636968075817, 5.85762835799521, 2.77999406986274, 1509430544.08756, 195289971.161667, 97302106.8107342, 8.02426024107913e-05, 0.000291721825102742, 2.80932511794258, 5.84294204340611, 2.77999406986274
807, 9, 1504993579.25457, 154589.2743567, 1485010827.90487, 195569413.145135, 97606179.6782697, 0.00138376884650022, 0.00101810542417601, 6.18135075153812, 5.96860980992081, 4.53698479368668, 1524171506.99579, 195568209.768194, 97600680.5763765, 0.00143550921752076, 0.00104888247696391, 6.24045388951797, 5.9365444571491, 4.53698479368668
520, 5, 1507857774.68786, 583423.067980382, 1499083722.09465, 195435906.329012, 97440029.2786395, 0.000715488464508244, 0.000898331979205481, 3.96013843558396, 5.41590754866846, 1.86164998253969, 1516631054.56546, 195435000.702773, 97439999.5923347, 0.000709263688330067, 0.000899683890848339, 3.95644369640726, 5.41579724470673, 1.86164998253969
129, 1, 1515406527.62715, 661942.078552029, 1509430544.08756, 195289971.161667, 97302106.8107342, 8.02426024107913e-05, 0.000291721825102742, 2.80932511794258, 5.84294204340611, 2.36595746736907, 1521394080.69559, 195284627.238448, 97302323.3823092, 7.46200852645101e-05, 0.000292173700561051, 2.78582443406864, 5.84301365656213, 2.36595746736907
521, 5, 1525340443.02861, 449668.393550698, 1516631054.56546, 195435000.702773, 97439999.5923347, 0.000709263688330067, 0.000899683890848339, 3.95644369640726, 5.41579724470673, 1.93209520506571, 1534018367.11568, 195437470.173111, 97437731.3004621, 0.000712101303770425, 0.000903636191099845, 3.92762470718245, 5.4173910769214, 1.93209520506571
130, 1, 1527314378.22328, 564342.942072309, 1521394080.69559, 195284627.238448, 97302323.3823092, 7.46200852645101e-05, 0.000292173700561051, 2.78582443406864, 5.84301365656213, 2.40379447099276, 1533278177.17717, 195291214.679426, 97301504.2241556, 8.09855903971235e-05, 0.000294054525177057, 2.67030935773441, 5.84394643202364, 2.40379447099276
131, 1, 1539211916.19867, 298572.688841727, 1533278177.17717, 195291214.679426, 97301504.2241556, 8.09855903971235e-05, 0.000294054525177057, 2.67030935773441, 5.84394643202364, 2.5203160674684, 1545162053.28596, 195285377.737433, 97299177.3899936, 0.0001124806018928, 0.000298526295722972, 2.59763046544734, 5.84615635628152, 2.5203160674684
522, 5, 1542708380.14008, 574812.048565948, 1534018367.11568, 195437470.173111, 97437731.3004621, 0.000712101303770425, 0.000903636191099845, 3.92762470718245, 5.4173910769214, 1.9530503292981, 1551405475.54415, 195436814.828262, 97437977.1390737, 0.000705123857790157, 0.000904825175830694, 3.92689638767961, 5.41718152314449, 1.9530503292981
808, 9, 1543365254.79107, 340939.52311186, 1524171506.99579, 195568209.768194, 97600680.5763765, 0.00143550921752076, 0.00104888247696391, 6.24045388951797, 5.9365444571491, 4.47481430817569, 1562137015.32515, 195567192.321324, 97598100.3773939, 0.00143795974140018, 0.00105940263291013, 6.25793525382308, 5.92942111129353, 4.47481430817569
132, 1, 1551051421.79613, 594285.134678007, 1545162053.28596, 195285377.737433, 97299177.3899936, 0.0001124806018928, 0.000298526295722972, 2.59763046544734, 5.84615635628152, 2.59809831038639, 1556966138.52476, 195292436.480326, 97299710.6794218, 0.000104145700727388, 0.000299492124001868, 2.60038504812409, 5.847345819878, 2.59809831038639
523, 5, 1560087778.03551, 473978.818815029, 1551405475.54415, 195436814.828262, 97437977.1390737, 0.000705123857790157, 0.000904825175830694, 3.92689638767961, 5.41718152314449, 1.95307041189526, 1568792796.05097, 195437565.033214, 97439394.7821926, 0.000695794285151496, 0.000906433657362849, 3.94043510392921, 5.41738719403166, 1.95307041189526
133, 1, 1562883772.04009, 596444.433576612, 1556966138.52476, 195292436.480326, 97299710.6794218, 0.000104145700727388, 0.000299492124001868, 2.60038504812409, 5.847345819878, 2.56953174253049, 1568771420.51616, 195285267.623667, 97299029.2767023, 0.000110068121716382, 0.000301125758768769, 2.5311932970976, 5.84776150940191, 2.56953174253049
134, 1, 1574713312.18354, 302234.909794108, 1568771420.51616, 195285267.623667, 97299029.2767023, 0.000110068121716382, 0.000301125758768769, 2.5311932970976, 5.84776150940191, 2.70964343066603, 1580654372.22093, 195292029.977863, 97301284.6465566, 0.0001008345782912, 0.000309207187767375, 2.84880811284321, 5.8369808234605, 2.70964343066603
524, 5, 1577518056.53866, 270653.721944821, 1568792796.05097, 195437565.033214, 97439394.7821926, 0.000695794285151496, 0.000906433657362849, 3.94043510392921, 5.41738719403166, 1.9375262931453, 1586419324.21985, 195438613.06204, 97444555.9297094, 0.000694438979065673, 0.000916413070513494, 4.00555910936518, 5.41813669051053, 1.9375262931453
