1,1,1418915.4913451,955635.42350831,-1592734.88869617,194815781.581591,96871120.7336378,2.96632002010662e-06,3.13633161482949e-07,1.4856780797,6.0154618546,3.6492232288,4386913.26548467,194855437.336281,96871226.4657499,1.99040935322908e-06,6.06204438412437e-07,0.0768211449,6.1335104762,3.6492232288
2,1,7355464.63857577,954387.434286258,4386913.26548467,194855437.336281,96871226.4657499,1.99040935322908e-06,6.06204438412437e-07,0.0768211449,6.1335104762,4.8062124783,10366398.5952685,194816837.848036,96871113.4763024,4.00741362097194e-06,9.40663463001681e-07,0.973056768,6.1152233478,4.8062124783
3,1,13304301.3293411,976097.443049173,10366398.5952685,194816837.848036,96871113.4763024,4.00741362097194e-06,9.40663463001681e-07,0.973056768,6.1152233478,3.7814728846,16270827.2000291,194855389.66714,96871210.359666,3.95775750165404e-06,1.1998905026435e-06,0.1761381906,6.1573257905,3.7814728846
4,1,19240460.8142595,930922.036147389,16270827.2000291,194855389.66714,96871210.359666,3.95775750165404e-06,1.1998905026435e-06,0.1761381906,6.1573257905,4.6805428218,22250339.288654,194819202.85888,96871088.1051036,5.67505608869705e-06,1.55265523400127e-06,0.7844061249,6.1537585968,4.6805428218
5,1,25189374.1559857,991660.292874747,22250339.288654,194819202.85888,96871088.1051036,5.67505608869705e-06,1.55265523400127e-06,0.7844061249,6.1537585968,3.9313409545,28154781.4628022,194855317.322798,96871178.1429715,5.90086685421143e-06,1.78708353264126e-06,0.2668797981,6.1787689839,3.9313409545
6,1,31125377.0537554,913251.063748005,28154781.4628022,194855317.322798,96871178.1429715,5.90086685421143e-06,1.78708353264126e-06,0.2668797981,6.1787689839,4.5694041613,34135412.8141772,194820634.10182,96871049.4405876,7.5666601713887e-06,2.15237976137057e-06,0.7189841307,6.1794052121,4.5694041613
7,1,37073712.4519955,999440.416361987,34135412.8141772,194820634.10182,96871049.4405876,7.5666601713887e-06,2.15237976137057e-06,0.7189841307,6.1794052121,4.0617811153,40038679.4498557,194855297.530811,96871135.7150736,7.82711708591065e-06,2.37391913783935e-06,0.3410663856,6.1963342056,4.0617811153
8,1,43009756.3368257,906431.335868583,40038679.4498557,194855297.530811,96871135.7150736,7.82711708591065e-06,2.37391913783935e-06,0.3410663856,6.1963342056,4.4747639302,46018185.3547777,194821063.862864,96871004.5881102,9.5553341772742e-06,2.74363520745164e-06,0.6921176945,6.1964655471,4.4747639302
9,1,48957849.2006212,1000468.85941797,46018185.3547777,194821063.862864,96871004.5881102,9.5553341772742e-06,2.74363520745164e-06,0.6921176945,6.1964655471,3.9791718476,51922712.5332765,194855372.694723,96871090.7474637,9.741344786167e-06,2.96533107757677e-06,0.3920907361,6.2087319032,3.9791718476
10,1,54893595.2326979,912426.577955286,51922712.5332765,194855372.694723,96871090.7474637,9.741344786167e-06,2.96533107757677e-06,0.3920907361,6.2087319032,4.4198892605,57902108.8144377,194820313.265177,96870961.6826511,1.15764405068256e-05,3.33100118704783e-06,0.6693534116,6.2059583833,4.4198892605
11,1,60840796.4489723,992385.109018729,57902108.8144377,194820313.265177,96870961.6826511,1.15764405068256e-05,3.33100118704783e-06,0.6693534116,6.2059583833,3.9925638745,63806562.4723777,194855521.766246,96871051.3761313,1.16285625658781e-05,3.56567693901394e-06,0.4163850299,6.2150413035,3.9925638745
12,1,66776472.6575223,929303.702447935,63806562.4723777,194855521.766246,96871051.3761313,1.16285625658781e-05,3.56567693901394e-06,0.4163850299,6.2150413035,4.3838364936,69786022.4139249,194818512.711782,96870928.4913085,1.35634610847493e-05,3.91880708454048e-06,0.6373972395,6.2085568191,4.3838364936
13,1,72724167.7941249,978451.43454543,69786022.4139249,194818512.711782,96870928.4913085,1.35634610847493e-05,3.91880708454048e-06,0.6373972395,6.2085568191,4.0218232205,75690456.2274022,194855650.57231,96871024.8586588,1.34478786800442e-05,4.17846734220641e-06,0.4143400499,6.2148421717,4.0218232205
14,1,78659135.0955075,953018.019264117,75690456.2274022,194855650.57231,96871024.8586588,1.34478786800442e-05,4.17846734220641e-06,0.4143400499,6.2148421717,4.3846154414,81669952.0974128,194815942.271201,96870911.0909912,1.54416925138947e-05,4.51168183970479e-06,0.5931287704,6.2050944878,4.3846154414
15,1,84606839.1876622,958756.720509347,81669952.0974128,194815942.271201,96870911.0909912,1.54416925138947e-05,4.51168183970479e-06,0.5931287704,6.2050944878,4.0711194647,87574430.18165,194855657.097596,96871016.2224001,1.51479152560122e-05,4.80568801668315e-06,0.3897949633,6.208406908,4.0711194647
16,1,90541994.9721608,978908.485754352,87574430.18165,194855657.097596,96871016.2224001,1.51479152560122e-05,4.80568801668315e-06,0.3897949633,6.208406908,4.4207902555,93478663.8868615,194817105.485116,96870912.6524033,1.71497600769447e-05,5.11539739968042e-06,0.5383286484,6.1966216893,4.4207902555
17,1,96488686.3100642,935925.720262831,93478663.8868615,194817105.485116,96870912.6524033,1.71497600769447e-05,5.11539739968042e-06,0.5383286484,6.1966216893,4.4141761165,99458371.5560692,194855525.433122,96871027.0635884,1.67010863638207e-05,5.44755150127963e-06,0.348497722,6.1968409925,4.4141761165
18,1,102424118.288863,999447.049202107,99458371.5560692,194855525.433122,96871027.0635884,1.67010863638207e-05,5.44755150127963e-06,0.348497722,6.1968409925,4.4762272661,105362538.354287,194819582.798187,96870932.7891161,1.86660640290106e-05,5.73522445901332e-06,0.4768752511,6.1844022565,4.4762272661
19,1,108371699.224534,915360.573626022,105362538.354287,194819582.798187,96870932.7891161,1.86660640290106e-05,5.73522445901332e-06,0.4768752511,6.1844022565,4.4849686609,111342275.336154,194855325.130982,96871055.1655661,1.81338979431499e-05,6.10174803895737e-06,0.2967455644,6.1820439948,4.4849686609
20,1,114307393.129824,1014522.40942244,111342275.336154,194855325.130982,96871055.1655661,1.81338979431499e-05,6.10174803895737e-06,0.2967455644,6.1820439948,4.5420580223,117245343.100034,194821293.557347,96870967.6471289,2.00259180753463e-05,6.37334353047858e-06,0.4130729821,6.1700391092,4.5420580223
21,1,120254498.037241,902001.071274948,117245343.100034,194821293.557347,96870967.6471289,2.00259180753463e-05,6.37334353047858e-06,0.4130729821,6.1700391092,4.4744446449,123226159.115137,194855154.092289,96871095.1664503,1.95321578956652e-05,6.76291133811742e-06,0.2409296376,6.1664287113,4.4744446449
22,1,126190586.415968,1021095.01526112,123226159.115137,194855154.092289,96871095.1664503,1.95321578956652e-05,6.76291133811742e-06,0.2409296376,6.1664287113,4.610667597,129129204.745196,194821862.408722,96871010.9703747,2.13142547789723e-05,7.02726818122983e-06,0.3513186513,6.1555336968,4.610667597
23,1,132138411.054789,897871.669365598,129129204.745196,194821862.408722,96871010.9703747,2.13142547789723e-05,7.02726818122983e-06,0.3513186513,6.1555336968,4.5458118851,135110196.43491,194854998.033857,96871139.8225839,2.10112600992583e-05,7.42353058910561e-06,0.1877013061,6.1523833254,4.5458118851
24,1,138074861.172291,1020061.66345973,135110196.43491,194854998.033857,96871139.8225839,2.10112600992583e-05,7.42353058910561e-06,0.1877013061,6.1523833254,4.68674856,141013136.624171,194821326.253211,96871055.0427617,2.26450960405942e-05,7.69044295146275e-06,0.2961989669,6.1429910697,4.68674856
25,1,144022525.982435,905094.364151052,141013136.624171,194821326.253211,96871055.0427617,2.26450960405942e-05,7.69044295146275e-06,0.2961989669,6.1429910697,4.6135398306,146994015.979069,194855092.880666,96871181.2907453,2.26602935473627e-05,8.07530207880469e-06,0.143718019,6.141668633,4.6135398306
26,1,149959415.329665,1010456.29947058,146994015.979069,194855092.880666,96871181.2907453,2.26602935473627e-05,8.07530207880469e-06,0.143718019,6.141668633,4.7322275026,152897115.172498,194819737.137793,96871092.0814292,2.41065622739564e-05,8.35407791020574e-06,0.2523921485,6.1340667698,4.7322275026
27,1,155907509.110233,920843.151628571,152897115.172498,194819737.137793,96871092.0814292,2.41065622739564e-05,8.35407791020574e-06,0.2523921485,6.1340667698,4.6694595875,158877978.945097,194855174.100929,96871212.1879411,2.44965367623284e-05,8.7115099191677e-06,0.1143071572,6.1350708824,4.6694595875
28,1,161843805.907233,993901.654045726,158877978.945097,194855174.100929,96871212.1879411,2.44965367623284e-05,8.7115099191677e-06,0.1143071572,6.1350708824,4.7699293315,164781052.611729,194817247.226801,96871115.3180096,2.57209958864268e-05,9.00940028577452e-06,0.2236768314,6.1295266754,4.7699293315
29,1,167792588.313841,942473.820391222,164781052.611729,194817247.226801,96871115.3180096,2.57209958864268e-05,9.00940028577452e-06,0.2236768314,6.1295266754,4.7021725789,170761897.374845,194855258.805536,96871226.8620693,2.64585360353502e-05,9.32957882447186e-06,0.1018548769,6.1324792463,4.7021725789
30,1,173729305.383037,970219.332682612,170761897.374845,194855258.805536,96871226.8620693,2.64585360353502e-05,9.32957882447186e-06,0.1018548769,6.1324792463,4.782772776,176741319.772027,194815087.076802,96871120.3079523,2.74426330796718e-05,9.65022484576968e-06,0.211524951,6.1291739611,4.782772776
31,1,179678625.940867,964992.933032556,176741319.772027,194815087.076802,96871120.3079523,2.74426330796718e-05,9.65022484576968e-06,0.211524951,6.1291739611,4.5245657736,182645821.67126,194855264.624082,96871222.5034034,2.8445271996811e-05,9.93174410566806e-06,0.1053417844,6.1332506553,4.5245657736
32,1,185614886.166151,944985.38629376,182645821.67126,194855264.624082,96871222.5034034,2.8445271996811e-05,9.93174410566806e-06,0.1053417844,6.1332506553,4.7767081486,188625335.619724,194817870.981595,96871105.8910748,2.92038726481918e-05,1.02742290775359e-05,0.2144429257,6.1321043914,4.7767081486
33,1,191563176.317169,982793.434937231,188625335.619724,194817870.981595,96871105.8910748,2.92038726481918e-05,1.02742290775359e-05,0.2144429257,6.1321043914,4.5242897733,194529785.318608,194855196.484751,96871199.8225423,3.03683145579873e-05,1.05233747456939e-05,0.1211641614,6.1365338595,4.5242897733
34,1,197499558.307184,923693.249765963,194529785.318608,194855196.484751,96871199.8225423,3.03683145579873e-05,1.05233747456939e-05,0.1211641614,6.1365338595,4.7591431007,200509224.930196,194819910.087482,96871074.8119961,3.09610870061287e-05,1.08825823526589e-05,0.2285079004,6.1370671947,4.7591431007
35,1,203447700.170608,996680.039615754,200509224.930196,194819910.087482,96871074.8119961,3.09610870061287e-05,1.08825823526589e-05,0.2285079004,6.1370671947,4.501066902,206413691.449373,194855145.077961,96871162.9694064,3.21902140499065e-05,1.11103521523673e-05,0.1443627702,6.1413883731,4.501066902
36,1,209384401.515004,909293.037583731,206413691.449373,194855145.077961,96871162.9694064,3.21902140499065e-05,1.11103521523673e-05,0.1443627702,6.1413883731,4.7284855111,212393146.862648,194820992.702583,96871032.9246634,3.27253344239804e-05,1.14789149056631e-05,0.2483692523,6.1427722511,4.7284855111
37,1,215332768.004135,1001278.54715418,212393146.862648,194820992.702583,96871032.9246634,3.27253344239804e-05,1.14789149056631e-05,0.2483692523,6.1427722511,4.4744490248,218297687.502374,194855146.353653,96871118.653393,3.39344433474153e-05,1.16981613168599e-05,0.1695959793,6.1468141645,4.4744490248
38,1,221268914.719031,907722.668288212,218297687.502374,194855146.353653,96871118.653393,3.39344433474153e-05,1.16981613168599e-05,0.1695959793,6.1468141645,4.7030068239,224277964.212481,194820969.051002,96870987.8973667,3.4544786370317e-05,1.20681191766284e-05,0.2682734357,6.1480948864,4.7030068239
39,1,227216683.161007,999783.277153388,224277964.212481,194820969.051002,96870987.8973667,3.4544786370317e-05,1.20681191766284e-05,0.2682734357,6.1480948864,4.5203009254,230181611.111742,194855251.489191,96871074.8719458,3.56588577786391e-05,1.2292148419267e-05,0.191806162,6.1518128831,4.5203009254
40,1,233151640.587081,918240.412531759,230181611.111742,194855251.489191,96871074.8719458,3.56588577786391e-05,1.2292148419267e-05,0.191806162,6.1518128831,4.6758491557,236161014.474595,194819801.41544,96870947.770605,3.64580725794316e-05,1.26552887222088e-05,0.2830860974,6.1521695601,4.6758491557
41,1,239099262.841302,987850.630821727,236161014.474595,194819801.41544,96870947.770605,3.64580725794316e-05,1.26552887222088e-05,0.2830860974,6.1521695601,4.4320518268,242065534.046058,194855389.793789,96871039.5689512,3.74079016989268e-05,1.28971336366768e-05,0.206869162,6.1554714931,4.4320518268
42,1,245034814.870706,937665.297258119,242065534.046058,194855389.793789,96871039.5689512,3.74079016989268e-05,1.28971336366768e-05,0.206869162,6.1554714931,4.6577099049,248044949.283096,194817675.230528,96870919.921636,3.8445729241617e-05,1.32453722048301e-05,0.2892470576,6.1544201836,4.6577099049
43,1,250982551.012832,971919.160109986,248044949.283096,194817675.230528,96870919.921636,3.8445729241617e-05,1.32453722048301e-05,0.2892470576,6.1544201836,4.4254040303,253949304.349389,194855523.012439,96871019.3388114,3.91754492260864e-05,1.35165853265717e-05,0.2123136685,6.1570700198,4.4254040303
44,1,256917241.447456,962548.387555611,253949304.349389,194855523.012439,96871019.3388114,3.91754492260864e-05,1.35165853265717e-05,0.2123136685,6.1570700198,4.6394724659,259852497.038439,194815069.358287,96870909.3848648,4.04368690460942e-05,1.38435957829467e-05,0.2854734945,6.1545627393,4.6394724659
45,1,262864542.548678,949795.198945766,259852497.038439,194815069.358287,96870909.3848648,4.04368690460942e-05,1.38435957829467e-05,0.2854734945,6.1545627393,4.6158452132,265833397.01914,194855403.973856,96871018.0071221,4.09118594502432e-05,1.41519537291562e-05,0.2077665953,6.156224829,4.6158452132
46,1,268800041.198009,986667.309544789,265833397.01914,194855403.973856,96871018.0071221,4.09118594502432e-05,1.41519537291562e-05,0.2077665953,6.156224829,4.6595627872,271736403.585057,194817927.766537,96870918.1331641,4.23370204245622e-05,1.44554627922754e-05,0.2726851762,6.1525752903,4.6595627872
47,1,274747259.705412,927651.766073133,271736403.585057,194817927.766537,96870918.1331641,4.23370204245622e-05,1.44554627922754e-05,0.2726851762,6.1525752903,4.6304330711,277717321.147137,194855222.745181,96871035.7497143,4.25657622696091e-05,1.4802051802265e-05,0.1947333636,6.1530142003,4.6304330711
48,1,280682928.53178,1006368.79974457,277717321.147137,194855222.745181,96871035.7497143,4.25657622696091e-05,1.4802051802265e-05,0.1947333636,6.1530142003,4.6769246244,283620323.512722,194820193.180192,96870944.382483,4.40850086245532e-05,1.50848775791365e-05,0.2532823619,6.1486940638,4.6769246244
49,1,286630384.787243,910057.232827969,283620323.512722,194820193.180192,96870944.382483,4.40850086245532e-05,1.50848775791365e-05,0.2532823619,6.1486940638,4.654339533,289601181.862079,194855044.659528,96871069.0474456,4.41331373876254e-05,1.5462624150083e-05,0.1758736185,6.1480210464,4.654339533
50,1,292565637.984537,1017620.18135488,289601181.862079,194855044.659528,96871069.0474456,4.41331373876254e-05,1.5462624150083e-05,0.1758736185,6.1480210464,4.6964526752,295504247.059067,194821509.421354,96870983.2533158,4.56801398808359e-05,1.5731773460373e-05,0.2303143806,6.1434762324,4.6964526752
51,1,298513517.157789,899312.616942104,295504247.059067,194821509.421354,96870983.2533158,4.56801398808359e-05,1.5731773460373e-05,0.2303143806,6.1434762324,4.6829535935,301485172.162246,194854826.981165,96871111.6772102,4.56730299259887e-05,1.6126788156287e-05,0.1543055838,6.1422294399,4.6829535935
52,1,304449365.439389,1021374.1202033,301485172.162246,194854826.981165,96871111.6772102,4.56730299259887e-05,1.6126788156287e-05,0.1543055838,6.1422294399,4.7292686213,307388168.679428,194821695.060775,96871027.7659773,4.71867049416347e-05,1.63916362920047e-05,0.2068517125,6.1378099749,4.7292686213
53,1,310397395.677377,899446.530760897,307388168.679428,194821695.060775,96871027.7659773,4.71867049416347e-05,1.63916362920047e-05,0.2068517125,6.1378099749,4.7117378973,313369033.924185,194854836.614608,96871156.0519428,4.72792433898924e-05,1.67863945310322e-05,0.1332668178,6.136752695,4.7117378973
54,1,316333708.089248,1016987.94955269,313369033.924185,194854836.614608,96871156.0519428,4.72792433898924e-05,1.67863945310322e-05,0.1332668178,6.136752695,4.7503319883,319272100.012289,194820735.16595,96871070.0860552,4.8701341078966e-05,1.70569355581825e-05,0.1857574765,6.1327381111,4.7503319883
55,1,322282070.014408,910272.279802644,319272100.012289,194820735.16595,96871070.0860552,4.8701341078966e-05,1.70569355581825e-05,0.1857574765,6.1327381111,4.7376898092,325252969.835407,194854899.74857,96871194.3574046,4.902604316109e-05,1.74338300435494e-05,0.1159267552,6.1325005804,4.7376898092
56,1,328218615.403375,1004902.11345566,325252969.835407,194854899.74857,96871194.3574046,4.902604316109e-05,1.74338300435494e-05,0.1159267552,6.1325005804,4.7717772333,331156031.347144,194818751.563705,96871102.6717541,5.02993029260523e-05,1.77190722177287e-05,0.1696095473,6.129150031,4.7717772333
57,1,334166684.744122,928710.035293014,331156031.347144,194818751.563705,96871102.6717541,5.02993029260523e-05,1.77190722177287e-05,0.1696095473,6.129150031,4.7566547723,337136905.911455,194855003.062837,96871219.7261971,5.09213639160467e-05,1.80641596767421e-05,0.1049298068,6.1299644113,4.7566547723
58,1,340103563.744349,984873.442877597,337136905.911455,194855003.062837,96871219.7261971,5.09213639160467e-05,1.80641596767421e-05,0.1049298068,6.1299644113,4.7847033141,343039973.498456,194816040.17833,96871119.4461737,5.19946993529287e-05,1.83704788398343e-05,0.1603842565,6.1275252595,4.7847033141
59,1,346052243.100225,950447.137128661,343039973.498456,194816040.17833,96871119.4461737,5.19946993529287e-05,1.83704788398343e-05,0.1603842565,6.1275252595,4.7672288417,349020797.083782,194855088.037986,96871227.4504201,5.29027297379216e-05,1.867696944816e-05,0.1017283244,6.1292185494,4.7672288417
60,1,351988623.865365,960843.401605649,349020797.083782,194855088.037986,96871227.4504201,5.29027297379216e-05,1.867696944816e-05,0.1017283244,6.1292185494,4.7842138731,355000374.167993,194816242.431409,96871117.1597997,5.37416548527178e-05,1.90065464684015e-05,0.1589187388,6.127861672,4.7842138731
61,1,357937459.098735,971561.96548659,355000374.167993,194816242.431409,96871117.1597997,5.37416548527178e-05,1.90065464684015e-05,0.1589187388,6.127861672,4.5888970748,360904731.320878,194855066.917568,96871215.9934493,5.48739396733998e-05,1.9276044438094e-05,0.1061878413,6.1300640929,4.5888970748
62,1,363873993.781195,936142.323000742,360904731.320878,194855066.917568,96871215.9934493,5.48739396733998e-05,1.9276044438094e-05,0.1061878413,6.1300640929,4.7779410807,366884194.603812,194818739.10787,96871096.0315138,5.54853157450938e-05,1.96262435508023e-05,0.1645951628,6.1297744044,4.7779410807
63,1,369822882.255623,989057.461262927,366884194.603812,194818739.10787,96871096.0315138,5.54853157450938e-05,1.96262435508023e-05,0.1645951628,6.1297744044,4.571375665,372788707.577101,194854984.046871,96871187.4008176,5.67564063083508e-05,1.98670314896602e-05,0.1167306687,6.1321509159,4.571375665
64,1,375759255.021644,916792.892537877,372788707.577101,194854984.046871,96871187.4008176,5.67564063083508e-05,1.98670314896602e-05,0.1167306687,6.1321509159,4.7680005128,378768164.172459,194820491.911324,96871060.1506909,5.72008356994825e-05,2.02315573920976e-05,0.1754872386,6.1326621759,4.7680005128
65,1,381706745.868152,999398.952880743,378768164.172459,194820491.911324,96871060.1506909,5.72008356994825e-05,2.02315573920976e-05,0.1754872386,6.1326621759,4.5599896489,384672597.310361,194854966.059285,96871146.910249,5.85276178890553e-05,2.0455533411307e-05,0.1308352358,6.1350203459,4.5599896489
66,1,387643119.577044,907682.984867888,384672597.310361,194854966.059285,96871146.910249,5.85276178890553e-05,2.0455533411307e-05,0.1308352358,6.1350203459,4.7473252621,390652077.426472,194821163.45742,96871016.1557272,5.89222541020825e-05,2.08265251955837e-05,0.1888302729,6.1358659565,4.7473252621
67,1,393590955.182801,1001213.62948522,390652077.426472,194821163.45742,96871016.1557272,5.89222541020825e-05,2.08265251955837e-05,0.1888302729,6.1358659565,4.5419320559,396556539.227675,194855011.387336,96871101.8567384,6.02269424604291e-05,2.10468075169644e-05,0.145587009,6.1381326275,4.5419320559
68,1,399527665.40441,910591.977821219,396556539.227675,194855011.387336,96871101.8567384,6.02269424604291e-05,2.10468075169644e-05,0.145587009,6.1381326275,4.7305634331,402535998.369402,194820693.031904,96870972.0258332,6.07119098959221e-05,2.14161259561426e-05,0.201547176,6.1387829369,4.7305634331
69,1,405474475.765989,995762.206115296,402535998.369402,194820693.031904,96870972.0258332,6.07119098959221e-05,2.14161259561426e-05,0.201547176,6.1387829369,4.5260558185,408440479.810701,194855129.386298,96871060.355983,6.19213349151552e-05,2.16460178239811e-05,0.1581428621,6.1409160259,4.5260558185
70,1,411410434.09932,924141.858537362,408440479.810701,194855129.386298,96871060.355983,6.19213349151552e-05,2.16460178239811e-05,0.1581428621,6.1409160259,4.7168619267,414420023.246741,194819172.804141,96870935.7322457,6.2608097774813e-05,2.20053828151544e-05,0.2108080243,6.1409275646,4.7168619267
71,1,417357425.56446,983215.350860727,414420023.246741,194819172.804141,96870935.7322457,6.2608097774813e-05,2.20053828151544e-05,0.2108080243,6.1409275646,4.5233053183,420324402.995022,194855252.404198,96871030.0034282,6.36530989359608e-05,2.2257591680135e-05,0.1661729874,6.1428282204,4.5233053183
72,1,423293031.356796,946624.055936167,420324402.995022,194855252.404198,96871030.0034282,6.36530989359608e-05,2.2257591680135e-05,0.1661729874,6.1428282204,4.707698906,426303865.00963,194816716.708045,96870913.8741496,6.4588225028454e-05,2.25993095605306e-05,0.2146191338,6.1419645526,4.707698906
73,1,429240882.837137,964754.502412261,426303865.00963,194816716.708045,96870913.8741496,6.4588225028454e-05,2.25993095605306e-05,0.2146191338,6.1419645526,4.5129292352,432208340.076197,194855272.298631,96871016.5171582,6.54086072439818e-05,2.28843755263104e-05,0.1683123975,6.1434409058,4.5129292352
74,1,435175469.792902,971781.694349664,432208340.076197,194855272.298631,96871016.5171582,6.54086072439818e-05,2.28843755263104e-05,0.1683123975,6.1434409058,4.7071570943,438111414.227557,194816026.728725,96870910.4311479,6.65737754177838e-05,2.32033521368954e-05,0.2122499855,6.1417192463,4.7071570943
75,1,441123499.968829,943319.434860636,438111414.227557,194816026.728725,96870910.4311479,6.65737754177838e-05,2.32033521368954e-05,0.2122499855,6.1417192463,4.7025096958,444092235.70603,194855182.394794,96871022.4447268,6.71335273140187e-05,2.35268855885109e-05,0.1644356047,6.1425430364,4.7025096958
76,1,447058201.026767,994211.460161079,444092235.70603,194855182.394794,96871022.4447268,6.71335273140187e-05,2.35268855885109e-05,0.1644356047,6.1425430364,4.7108854551,449995318.051072,194818704.347063,96870926.0357251,6.84690301261286e-05,2.38227022232884e-05,0.2042887636,6.1401712207,4.7108854551
77,1,453005453.579235,920477.77835356,449995318.051072,194818704.347063,96870926.0357251,6.84690301261286e-05,2.38227022232884e-05,0.2042887636,6.1401712207,4.7115485559,455976181.670995,194854951.967607,96871046.517165,6.87820609626192e-05,2.41827574813607e-05,0.155543905,6.1402247253,4.7115485559
78,1,458940983.646067,1010848.95326494,455976181.670995,194854951.967607,96871046.517165,6.87820609626192e-05,2.41827574813607e-05,0.155543905,6.1402247253,4.7248429712,461879237.840184,194820641.856786,96870957.649212,7.02180016473801e-05,2.44598918520348e-05,0.1922814028,6.1374790649,4.7248429712
79,1,464888352.782765,904890.929265281,461879237.840184,194820641.856786,96870957.649212,7.02180016473801e-05,2.44598918520348e-05,0.1922814028,6.1374790649,4.7267029095,467860079.335027,194854758.292369,96871084.0831399,7.03608811677615e-05,2.48465234374229e-05,0.1433458104,6.1368996341,4.7267029095
80,1,470824858.36865,1021502.12109291,467860079.335027,194854758.292369,96871084.0831399,7.03608811677615e-05,2.48465234374229e-05,0.1433458104,6.1368996341,4.7387989735,473763152.138704,194821544.540809,96870999.4782137,7.18293326487371e-05,2.5113076873684e-05,0.1782230093,6.134033306,4.7387989735
81,1,476772397.261548,898711.797795785,473763152.138704,194821544.540809,96870999.4782137,7.18293326487371e-05,2.5113076873684e-05,0.1782230093,6.134033306,4.743678431,479742909.665763,194854673.029345,96871128.3134055,7.19355369250281e-05,2.55106399969918e-05,0.1298478219,6.1332196586,4.743678431
82,1,482708657.769552,1021848.92432716,479742909.665763,194854673.029345,96871128.3134055,7.19355369250281e-05,2.55106399969918e-05,0.1298478219,6.1332196586,4.6685911353,485647075.912729,194821300.763713,96871044.0890475,7.3373560642174e-05,2.57764462557775e-05,0.164151115,6.130439702,4.6685911353
83,1,488656408.197763,902489.45004698,485647075.912729,194821300.763713,96871044.0890475,7.3373560642174e-05,2.57764462557775e-05,0.164151115,6.130439702,4.7609299132,491626817.413428,194854641.185429,96871171.3149048,7.35979984043151e-05,2.61670839741674e-05,0.117147087,6.1298828982,4.7609299132
84,1,494592816.272038,1013261.36493356,491626817.413428,194854641.185429,96871171.3149048,7.35979984043151e-05,2.61670839741674e-05,0.117147087,6.1298828982,4.6826109792,497531016.435653,194819946.236539,96871083.6294321,7.49419472773099e-05,2.64420591052146e-05,0.1519740897,6.1273734978,4.6826109792
85,1,500541235.279234,916558.930190145,497531016.435653,194819946.236539,96871083.6294321,7.49419472773099e-05,2.64420591052146e-05,0.1519740897,6.1273734978,4.7764710676,503511878.418396,194854718.798918,96871205.4947653,7.54044419730094e-05,2.68091809819322e-05,0.1072674064,6.1274249206,4.7764710676
86,1,506477805.71019,998235.027193279,503511878.418396,194854718.798918,96871205.4947653,7.54044419730094e-05,2.68091809819322e-05,0.1072674064,6.1274249206,4.7844280765,509414946.201815,194817653.451628,96871110.9603688,7.65920280517316e-05,2.71016935405461e-05,0.1433684021,6.1253719641,4.7844280765
87,1,512426242.366838,936578.945716973,509414946.201815,194817653.451628,96871110.9603688,7.65920280517316e-05,2.71016935405461e-05,0.1433684021,6.1253719641,4.7860197398,515395834.794799,194854802.077392,96871224.7361145,7.73389285245577e-05,2.74337378858363e-05,0.1018219448,6.126107726,4.7860197398
88,1,518362788.955778,976162.910127069,515395834.794799,194854802.077392,96871224.7361145,7.73389285245577e-05,2.74337378858363e-05,0.1018219448,6.126107726,4.7920842033,521298888.630918,194814781.225158,96871120.8813359,7.83182152023949e-05,2.77488950047118e-05,0.1395228347,6.1246860023,4.7920842033
89,1,524310982.588235,960464.247654678,521298888.630918,194814781.225158,96871120.8813359,7.83182152023949e-05,2.77488950047118e-05,0.1395228347,6.1246860023,4.7902245806,527279764.586725,194854845.480125,96871225.3701197,7.93267089086765e-05,2.8042156313282e-05,0.1015905399,6.1259463218,4.7902245806
90,1,530247885.519681,951646.472325694,527279764.586725,194854845.480125,96871225.3701197,7.93267089086765e-05,2.8042156313282e-05,0.1015905399,6.1259463218,4.7911021383,533259314.164605,194817242.595476,96871111.4357332,8.00661343928338e-05,2.83804106486074e-05,0.1407932841,6.1252574642,4.7911021383
91,1,536197291.106796,980606.318602792,533259314.164605,194817242.595476,96871111.4357332,8.00661343928338e-05,2.83804106486074e-05,0.1407932841,6.1252574642,4.6109377469,539163686.865594,194854818.017129,96871207.1788301,8.12724287989777e-05,2.86391828554423e-05,0.1062940256,6.1267986729,4.6109377469
92,1,542132970.581867,928720.701955966,539163686.865594,194854818.017129,96871207.1788301,8.12724287989777e-05,2.86391828554423e-05,0.1062940256,6.1267986729,4.7837059061,545143079.955457,194819494.231281,96871084.2392091,8.17896405180527e-05,2.89963272784792e-05,0.1465548191,6.1267938463,4.7837059061
93,1,548081624.099603,992945.610930212,545143079.955457,194819494.231281,96871084.2392091,8.17896405180527e-05,2.89963272784792e-05,0.1465548191,6.1267938463,4.5894744436,551047608.888927,194854766.768198,96871173.4686664,8.31117854497879e-05,2.92304992892224e-05,0.1147152194,6.1284222362,4.5894744436
94,1,554017864.685444,912030.210711546,551047608.888927,194854766.768198,96871173.4686664,8.31117854497879e-05,2.92304992892224e-05,0.1147152194,6.1284222362,4.7721905994,557027015.449825,194820863.005031,96871044.5168218,8.34834886809604e-05,2.95993216713564e-05,0.1553459096,6.1288760874,4.7721905994
95,1,559965848.165154,1000563.00163336,557027015.449825,194820863.005031,96871044.5168218,8.34834886809604e-05,2.95993216713564e-05,0.1553459096,6.1288760874,4.5784778705,562931535.814092,194854762.514665,96871130.3931243,8.48431674102187e-05,2.98213934984241e-05,0.1250398734,6.1304913945,4.5784778705
96,1,565902710.743852,907427.753727971,562931535.814092,194854762.514665,96871130.3931243,8.48431674102187e-05,2.98213934984241e-05,0.1250398734,6.1304913945,4.7592913815,568910990.71201,194821140.257807,96870999.5457606,8.51987451666262e-05,3.01937350313215e-05,0.1652046965,6.1310588082,4.7592913815
97,1,571849585.933002,1000604.38418084,568910990.71201,194821140.257807,96870999.5457606,8.51987451666262e-05,3.01937350313215e-05,0.1652046965,6.1310588082,4.5701156965,574815408.099669,194854873.481181,96871085.7259545,8.65212603321906e-05,3.04169786349441e-05,0.135232248,6.1326211109,4.5701156965
98,1,577785702.249457,913914.772188738,574815408.099669,194854873.481181,96871085.7259545,8.65212603321906e-05,3.04169786349441e-05,0.135232248,6.1326211109,4.7427543074,580794928.149723,194820256.62781,96870957.4244466,8.70006966445669e-05,3.07845368027928e-05,0.1740250815,6.1329396464,4.7427543074
99,1,583733273.768088,991471.956431679,580794928.149723,194820256.62781,96870957.4244466,8.70006966445669e-05,3.07845368027928e-05,0.1740250815,6.1329396464,4.5607219767,586699379.752244,194854976.582112,96871047.522893,8.82137172056866e-05,3.10221419673977e-05,0.1433643979,6.1344056324,4.5607219767
100,1,589669147.45004,932334.99722003,586699379.752244,194854976.582112,96871047.522893,8.82137172056866e-05,3.10221419673977e-05,0.1433643979,6.1344056324,4.7371695041,592678789.202398,194818323.633411,96870925.7781516,8.89150851234899e-05,3.13766126514536e-05,0.1799415091,6.1341986925,4.7371695041
101,1,595616506.745503,977070.684306736,592678789.202398,194818323.633411,96870925.7781516,8.89150851234899e-05,3.13766126514536e-05,0.1799415091,6.1341986925,4.5493068858,598583331.591092,194855044.777939,96871022.8522062,8.99492267818403e-05,3.16407412541473e-05,0.1479361274,6.1354686698,4.5493068858
102,1,601551467.667477,955710.12655185,598583331.591092,194855044.777939,96871022.8522062,8.99492267818403e-05,3.16407412541473e-05,0.1479361274,6.1354686698,4.7347481196,604562765.191591,194815668.977783,96870910.417356,9.09011930514373e-05,3.19750761326293e-05,0.1817292925,6.1346219228,4.7347481196
103,1,607499115.737189,956786.241758988,604562765.191591,194815668.977783,96870910.417356,9.09011930514373e-05,3.19750761326293e-05,0.1817292925,6.1346219228,4.5523850577,610467241.549408,194855024.588925,96871016.395126,9.16992055085262e-05,3.22747971968451e-05,0.1481853936,6.1355336394,4.5523850577
104,1,613434141.287372,980677.445888302,610467241.549408,194855024.588925,96871016.395126,9.16992055085262e-05,3.22747971968451e-05,0.1481853936,6.1355336394,4.7345309194,616370317.284982,194816893.668991,96870914.0647788,9.28725460951807e-05,3.25854428172538e-05,0.1790780729,6.1341057581,4.7345309194
105,1,619381619.89575,934465.051963926,616370317.284982,194816893.668991,96870914.0647788,9.28725460951807e-05,3.25854428172538e-05,0.1790780729,6.1341057581,4.7427486163,622350009.222937,194854938.405587,96871029.3665653,9.34049260963144e-05,3.29237809800073e-05,0.1442353793,6.1345004514,4.7427486163
106,1,625316998.366356,1002319.90096675,622350009.222937,194854938.405587,96871029.3665653,9.34049260963144e-05,3.29237809800073e-05,0.1442353793,6.1345004514,4.6483655133,628254230.330232,194819338.81149,96870936.0416102,9.4737352398629e-05,3.32121979972577e-05,0.1725867417,6.1326595862,4.6483655133
107,1,631264394.885024,915036.843969025,628254230.330232,194819338.81149,96870936.0416102,9.4737352398629e-05,3.32121979972577e-05,0.1725867417,6.1326595862,4.7508517312,634233905.764263,194854783.119207,96871059.0636992,9.50345294133054e-05,3.35841397777899e-05,0.1369638817,6.13250001,4.7508517312
108,1,637199878.088347,1015618.35077869,634233905.764263,194854783.119207,96871059.0636992,9.50345294133054e-05,3.35841397777899e-05,0.1369638817,6.13250001,4.6562944934,640138147.925244,194820915.73408,96870972.1691691,9.64550582895232e-05,3.38563728230185e-05,0.1634886163,6.1304393164,4.6562944934
109,1,643146648.399538,902446.211545053,640138147.925244,194820915.73408,96870972.1691691,9.64550582895232e-05,3.38563728230185e-05,0.1634886163,6.1304393164,4.7622681981,646117856.508265,194854666.270513,96871099.9124644,9.66119086627772e-05,3.42495305025385e-05,0.1276892738,6.129893122,4.7622681981
110,1,649082551.076964,1022526.08315854,646117856.508265,194854666.270513,96871099.9124644,9.66119086627772e-05,3.42495305025385e-05,0.1276892738,6.129893122,4.6706358404,652022068.73021,194821403.787866,96871015.9114034,9.80528895659174e-05,3.45145506490801e-05,0.1532848801,6.1277819304,4.6706358404
111,1,655030847.732475,898587.374438776,652022068.73021,194821403.787866,96871015.9114034,9.80528895659174e-05,3.45145506490801e-05,0.1532848801,6.1277819304,4.7748906628,658001817.793615,194854622.31012,96871144.5667156,9.82144971612732e-05,3.49121296027082e-05,0.1179095587,6.1271827801,4.7748906628
112,1,660966598.114762,1020393.41729573,658001817.793615,194854622.31012,96871144.5667156,9.82144971612732e-05,3.49121296027082e-05,0.1179095587,6.1271827801,4.6857919836,663905995.471092,194820741.662926,96871059.5532158,9.96110912391388e-05,3.51800700125042e-05,0.1434787863,6.1251646359,4.6857919836
113,1,666915648.349828,907364.700827079,663905995.471092,194820741.662926,96871059.5532158,9.96110912391388e-05,3.51800700125042e-05,0.1434787863,6.1251646359,4.7869003171,669885768.193649,194854651.195159,96871185.1792257,9.99255639158007e-05,3.55643863681129e-05,0.1091701925,6.124860719,4.7869003171
114,1,672851790.720272,1008186.70440218,669885768.193649,194854651.195159,96871185.1792257,9.99255639158007e-05,3.55643863681129e-05,0.1091701925,6.124860719,4.6980167173,675789926.334289,194819015.442835,96871095.3759343,0.0001012137,3.58448725662029e-05,0.1354654846,6.1230742491,4.6980167173
115,1,678800131.308581,923398.904481871,675789926.334289,194819015.442835,96871095.3759343,0.0001012137,3.58448725662029e-05,0.1354654846,6.1230742491,4.796328761,681769677.663463,194854680.748373,96871214.5241505,0.0001017803,3.62008584343623e-05,0.1029173312,6.1232677078,4.796328761
116,1,684737041.955737,990804.947240398,681769677.663463,194854680.748373,96871214.5241505,0.0001017803,3.62008584343623e-05,0.1029173312,6.1232677078,4.7032381355,687673867.806497,194816469.932027,96871116.7972568,0.0001028983,3.6501369950271e-05,0.1304247249,6.121857274,4.7032381355
117,1,690685305.576958,945047.962769381,687673867.806497,194816469.932027,96871116.7972568,0.0001028983,3.6501369950271e-05,0.1304247249,6.121857274,4.8023316537,693653628.774093,194854697.263609,96871227.2102395,0.0001037426,3.68201270670319e-05,0.1002125763,6.1225423546,4.8023316537
118,1,696622157.975678,967193.180199932,693653628.774093,194854697.263609,96871227.2102395,0.0001037426,3.68201270670319e-05,0.1002125763,6.1225423546,4.7070564625,699634185.927585,194815436.117682,96871119.7120167,0.0001046384,3.71442671130473e-05,0.1290919332,6.1216342065,4.7070564625
119,1,702570517.424204,967110.711264365,699634185.927585,194815436.117682,96871119.7120167,0.0001046384,3.71442671130473e-05,0.1290919332,6.1216342065,4.6178382023,705538673.510827,194854609.812123,96871220.7556284,0.0001057263,3.74251051333081e-05,0.1014322411,6.122661182,4.6178382023
120,1,708507627.901792,942568.432665247,705538673.510827,194854609.812123,96871220.7556284,0.0001057263,3.74251051333081e-05,0.1014322411,6.122661182,4.7933729171,711518229.802113,194818132.36869,96871103.3745221,0.0001063794,3.77715720334085e-05,0.1315220116,6.1223060714,4.7933729171
121,1,714456409.136587,986258.612673331,711518229.802113,194818132.36869,96871103.3745221,0.0001063794,3.77715720334085e-05,0.1315220116,6.1223060714,4.6225704807,717422603.921952,194854565.0874,96871196.35343,0.0001076387,3.80211033914586e-05,0.1061545471,6.1234989245,4.6225704807
122,1,720392544.072458,921014.864404009,717422603.921952,194854565.0874,96871196.35343,0.0001076387,3.80211033914586e-05,0.1061545471,6.1234989245,4.7867376271,723401988.293765,194820113.566684,96871070.8807166,0.0001080839,3.83842950380313e-05,0.1370413303,6.1236187613,4.7867376271
123,1,726341097.180084,997888.742386246,723401988.293765,194820113.566684,96871070.8807166,0.0001080839,3.83842950380313e-05,0.1370413303,6.1236187613,4.601148863,729306489.383163,194854556.989682,96871158.4176879,0.0001094355,3.86136041625335e-05,0.1133034014,6.1248552685,4.601148863
124,1,732277062.104643,908401.675403916,729306489.383163,194854556.989682,96871158.4176879,0.0001094355,3.86136041625335e-05,0.1133034014,6.1248552685,4.7740360322,735285927.289509,194821094.061131,96871028.3487432,0.0001097685,3.89856668568418e-05,0.1444051047,6.1252428163,4.7740360322
125,1,738225023.755719,1001230.69239463,735285927.289509,194821094.061131,96871028.3487432,0.0001097685,3.89856668568418e-05,0.1444051047,6.1252428163,4.5925364652,741190452.761907,194854554.991328,96871113.8365465,0.0001111366,3.92076622525712e-05,0.1214189867,6.1264655258,4.5925364652
126,1,744160783.439876,908104.27032959,741190452.761907,194854554.991328,96871113.8365465,0.0001111366,3.92076622525712e-05,0.1214189867,6.1264655258,4.7669499571,747170012.774647,194820943.05668,96870983.5082507,0.0001114963,3.95802275126933e-05,0.1520643428,6.126843271,4.7669499571
127,1,750108293.992402,998318.746330456,747170012.774647,194820943.05668,96870983.5082507,0.0001114963,3.95802275126933e-05,0.1520643428,6.126843271,4.5959955127,753074408.207529,194854631.375701,96871070.6304753,0.0001128079,3.98082060096754e-05,0.1289407576,6.1280234163,4.5959955127
128,1,756044468.155837,919369.373794686,753074408.207529,194854631.375701,96871070.6304753,0.0001128079,3.98082060096754e-05,0.1289407576,6.1280234163,4.7605286284,759053786.983587,194819646.832839,96870944.3819907,0.0001133276,4.01728148107043e-05,0.158438185,6.1281255524,4.7605286284
129,1,761991582.411575,986972.23488978,759053786.983587,194819646.832839,96870944.3819907,0.0001133276,4.01728148107043e-05,0.158438185,6.1281255524,4.5768332821,764957181.413664,194854772.252182,96871036.6925577,0.0001145085,4.04197451443838e-05,0.1344572253,6.1292142984,4.5768332821
130,1,767927445.786751,940463.036913928,764957181.413664,194854772.252182,96871036.6925577,0.0001145085,4.04197451443838e-05,0.1344572253,6.1292142984,4.6626655752,770937811.475621,194817406.141705,96870918.1404377,0.0001152674,4.07682481028053e-05,0.1622057845,6.1288634462,4.6626655752
131,1,773874086.435265,970388.156750797,770937811.475621,194817406.141705,96870918.1404377,0.0001152674,4.07682481028053e-05,0.1622057845,6.1288634462,4.5812916834,776841116.396859,194854944.319592,96871018.2759327,0.0001162513,4.10454507003083e-05,0.1369593011,6.1297605981,4.5812916834
132,1,779809608.102537,964801.67545396,776841116.396859,194854944.319592,96871018.2759327,0.0001162513,4.10454507003083e-05,0.1369593011,6.1297605981,4.6615980242,782745313.095172,194814862.538628,96870909.5027293,0.0001172591,4.13717799468502e-05,0.1626089199,6.1289142755,4.6615980242
133,1,785756517.763241,949372.09321672,782745313.095172,194814862.538628,96870909.5027293,0.0001172591,4.13717799468502e-05,0.1626089199,6.1289142755,4.7639798916,788725033.994751,194854976.307505,96871018.9277287,0.0001179923,4.1686410586381e-05,0.1360557793,6.1294819641,4.7639798916
134,1,791692549.544227,989133.231417164,788725033.994751,194854976.307505,96871018.9277287,0.0001179923,4.1686410586381e-05,0.1360557793,6.1294819641,4.6635013125,794629222.001234,194817660.492991,96870920.1093733,0.0001192049,4.1988770069073e-05,0.1596133519,6.1282198967,4.6635013125
135,1,797639512.970907,926127.799525324,794629222.001234,194817660.492991,96870920.1093733,0.0001192049,4.1988770069073e-05,0.1596133519,6.1282198967,4.7676563404,800608976.032356,194854892.916567,96871038.4164057,0.0001196756,4.23410169590263e-05,0.1320349048,6.1283532768,4.7676563404
136,1,803575204.969442,1007182.35864355,800608976.032356,194854892.916567,96871038.4164057,0.0001196756,4.23410169590263e-05,0.1320349048,6.1283532768,4.6711712879,806513137.567682,194819820.601798,96870947.8354797,0.0001210276,4.26227028105163e-05,0.1538531788,6.1268170186,4.6711712879
137,1,809522219.592763,908693.150403883,806513137.567682,194819820.601798,96870947.8354797,0.0001210276,4.26227028105163e-05,0.1538531788,6.1268170186,4.7750546048,812493205.969984,194854805.798123,96871072.8235517,0.0001212865,4.300461954549e-05,0.1257139924,6.1265376368,4.7750546048
138,1,815457720.540844,1018901.13008783,812493205.969984,194854805.798123,96871072.8235517,0.0001212865,4.300461954549e-05,0.1257139924,6.1265376368,4.7044108993,818397053.293941,194821015.401021,96870987.5555384,0.0001227058,4.32730131603213e-05,0.1463880946,6.1248716284,4.7044108993
139,1,821405989.50578,899441.027902044,818397053.293941,194821015.401021,96870987.5555384,0.0001227058,4.32730131603213e-05,0.1463880946,6.1248716284,4.7842125455,824376826.631708,194854612.654076,96871116.0359539,0.0001228617,4.36702751116238e-05,0.1181757841,6.1243657109,4.7842125455
140,1,827341557.503781,1021288.42276182,824376826.631708,194854612.654076,96871116.0359539,0.0001228617,4.36702751116238e-05,0.1181757841,6.1243657109,4.6900055844,830280934.947065,194821081.808082,96871032.1649908,0.0001242868,4.39350219466266e-05,0.138423709,6.1226931909,4.6900055844
141,1,833289762.016435,900464.679000861,830280934.947065,194821081.808082,96871032.1649908,0.0001242868,4.39350219466266e-05,0.138423709,6.1226931909,4.7907563422,836260739.518661,194854570.20984,96871160.1143274,0.0001244943,4.43302332831693e-05,0.1106324035,6.1222455842,4.7907563422
142,1,839225873.804552,1015893.00345897,836260739.518661,194854570.20984,96871160.1143274,0.0001244943,4.43302332831693e-05,0.1106324035,6.1222455842,4.6982355987,842164913.915819,194820022.424496,96871073.8195278,0.0001258576,4.46015327951261e-05,0.1311380177,6.1206764342,4.6982355987
143,1,845174393.809686,912010.586330011,842164913.915819,194820022.424496,96871073.8195278,0.0001258576,4.46015327951261e-05,0.1311380177,6.1206764342,4.8035883984,848144674.036538,194854609.727264,96871197.3989508,0.0001262536,4.49776536954529e-05,0.1042964027,6.1205376146,4.8035883984
144,1,851110911.54874,1002375.30440598,848144674.036538,194854609.727264,96871197.3989508,0.0001262536,4.49776536954529e-05,0.1042964027,6.1205376146,4.7059681554,854048837.152765,194817965.933046,96871105.0840587,0.0001274902,4.5264653281782e-05,0.1256048056,6.1191849994,4.7059681554
145,1,857059631.800904,931148.215045776,854048837.152765,194817965.933046,96871105.0840587,0.0001274902,4.5264653281782e-05,0.1256048056,6.1191849994,4.8091508937,860028604.360798,194854651.640097,96871221.1902256,0.0001281514,4.56085476251157e-05,0.1002508421,6.1194621991,4.8091508937
146,1,862995912.753904,982471.870787313,860028604.360798,194854651.640097,96871221.1902256,0.0001281514,4.56085476251157e-05,0.1002508421,6.1194621991,4.7099889394,865932784.746745,194815220.078248,96871120.101921,0.0001292005,4.59175987907003e-05,0.1226787821,6.1184428213,4.7099889394
147,1,868944949.840202,953273.093255024,865932784.746745,194815220.078248,96871120.101921,0.0001292005,4.59175987907003e-05,0.1226787821,6.1184428213,4.8129559072,871912529.56688,194854627.232855,96871227.0655593,0.0001301304,4.62232266910619e-05,0.0991965405,6.1190854673,4.8129559072
148,1,874881146.042751,958440.946506144,871912529.56688,194854627.232855,96871227.0655593,0.0001301304,4.62232266910619e-05,0.0991965405,6.1190854673,4.7096918772,877893185.389735,194816408.686879,96871115.9563215,0.0001309459,4.65562786216807e-05,0.1227916163,6.1184890357,4.7096918772
149,1,880830200.377734,974029.523696687,877893185.389735,194816408.686879,96871115.9563215,0.0001309459,4.65562786216807e-05,0.1227916163,6.1184890357,4.6333379219,883796469.556206,194854537.098015,96871213.8388875,0.0001320969,4.68257770099579e-05,0.1012410255,6.1193619462,4.6333379219
150,1,886766601.589851,933906.495827851,883796469.556206,194854537.098015,96871213.8388875,0.0001320969,4.68257770099579e-05,0.1012410255,6.1193619462,4.7068809334,889777018.618868,194818924.263551,96871093.2408989,0.0001326741,4.71798061051393e-05,0.1257991286,6.119200333,4.7068809334
151,1,892714632.675982,991271.575309896,889777018.618868,194818924.263551,96871093.2408989,0.0001326741,4.71798061051393e-05,0.1257991286,6.119200333,4.6207391581,895680390.244057,194854412.200346,96871183.8894363,0.000133971,4.74216853849988e-05,0.1058678085,6.1201733668,4.6207391581
152,1,898651611.141698,915229.182792927,895680390.244057,194854412.200346,96871183.8894363,0.000133971,4.74216853849988e-05,0.1058678085,6.1201733668,4.6997371627,901661070.768494,194820558.411832,96871056.3464641,0.0001343626,4.77899521905533e-05,0.130992725,6.120347444,4.6997371627
153,1,904600035.228559,1000413.26992396,901661070.768494,194820558.411832,96871056.3464641,0.0001343626,4.77899521905533e-05,0.130992725,6.120347444,4.6234354036,907564315.267421,194854357.029064,96871142.6876774,0.0001357287,4.80161544047869e-05,0.1120875574,6.1213409575,4.6234354036
154,1,910535705.143145,907074.835369585,907564315.267421,194854357.029064,96871142.6876774,0.0001357287,4.80161544047869e-05,0.1120875574,6.1213409575,4.6915228167,913545000.117308,194821133.875933,96871012.0612121,0.0001360495,4.83903778576064e-05,0.137272686,6.1216576413,4.6915228167
155,1,916483547.50235,1001089.73740893,913545000.117308,194821133.875933,96871012.0612121,0.0001360495,4.83903778576064e-05,0.137272686,6.1216576413,4.6156797769,919448237.925172,194854423.920582,96871097.6819811,0.0001374096,4.86140398403821e-05,0.1186704287,6.1226358264,4.6156797769
156,1,922419537.11261,910730.782120452,919448237.925172,194854423.920582,96871097.6819811,0.0001374096,4.86140398403821e-05,0.1186704287,6.1226358264,4.6832711523,925428926.831646,194820547.506693,96870968.3835457,0.0001378032,4.89856744356998e-05,0.1433575783,6.122865568,4.6832711523
157,1,928367360.313246,995150.578357756,925428926.831646,194820547.506693,96870968.3835457,0.0001378032,4.89856744356998e-05,0.1433575783,6.122865568,4.6086647992,931332159.136639,194854597.312435,96871056.9619745,0.0001390844,4.92200602585426e-05,0.1243683529,6.1238012615,4.6086647992
158,1,934302426.241921,926642.287157858,931332159.136639,194854597.312435,96871056.9619745,0.0001390844,4.92200602585426e-05,0.1243683529,6.1238012615,4.6765540764,937312696.064393,194818907.32545,96870933.1738365,0.0001396704,4.95805456660537e-05,0.1480089279,6.1237457064,4.6765540764
159,1,940249860.159682,981883.161853832,937312696.064393,194818907.32545,96870933.1738365,0.0001396704,4.95805456660537e-05,0.1480089279,6.1237457064,4.5914272219,943216110.945954,194854813.639023,96871027.9855161,0.0001408002,4.98382139786307e-05,0.1281164059,6.1245833582,4.5914272219
160,1,946185575.742393,948743.645921689,943216110.945954,194854813.639023,96871027.9855161,0.0001408002,4.98382139786307e-05,0.1281164059,6.1245833582,4.6751274645,949196773.524049,194816346.5425,96870912.9051452,0.0001416338,5.01798102219332e-05,0.150273626,6.1241331229,4.6751274645
161,1,952132497.016334,962673.386342553,949196773.524049,194816346.5425,96870912.9051452,0.0001416338,5.01798102219332e-05,0.150273626,6.1241331229,4.6020916188,955100030.83325,194854923.721617,96871016.2177136,0.0001425474,5.04708818933789e-05,0.1292371349,6.1247739268,4.6020916188
162,1,958068473.647469,975182.780391797,955100030.83325,194854923.721617,96871016.2177136,0.0001425474,5.04708818933789e-05,0.1292371349,6.1247739268,4.6746698484,961004209.604863,194815697.889298,96870911.1744965,0.0001436206,5.07888302346123e-05,0.1497100478,6.1239319108,4.6746698484
163,1,964015649.455401,940905.327456853,961004209.604863,194815697.889298,96870911.1744965,0.0001436206,5.07888302346123e-05,0.1497100478,6.1239319108,4.7807949534,966983936.516563,194854890.737885,96871023.8705808,0.0001442729,5.11181896887072e-05,0.1275902633,6.1242618831,4.7807949534
164,1,969950294.160107,995940.824339432,966983936.516563,194854890.737885,96871023.8705808,0.0001442729,5.11181896887072e-05,0.1275902633,6.1242618831,4.6765758524,972888124.679393,194818308.330679,96870928.3392184,0.0001455323,5.14125801193012e-05,0.1464706839,6.1231160521,4.6765758524
165,1,975898393.20499,920560.146250108,972888124.679393,194818308.330679,96870928.3392184,0.0001455323,5.14125801193012e-05,0.1464706839,6.1231160521,4.785256856,978867877.024572,194854762.780483,96871049.3505099,0.0001459289,5.1777422699421e-05,0.123567338,6.1230765447,4.785256856
166,1,981832926.64022,1013055.8707953,978867877.024572,194854762.780483,96871049.3505099,0.0001459289,5.1777422699421e-05,0.123567338,6.1230765447,4.684063688,984772035.38128,194820145.610096,96870961.08119,0.0001473066,5.20532540638895e-05,0.1412098093,6.1217464536,4.684063688
167,1,987780897.697146,904186.112660069,984772035.38128,194820145.610096,96870961.08119,0.0001473066,5.20532540638895e-05,0.1412098093,6.1217464536,4.7915752798,990751813.833987,194854606.374279,96871087.7655254,0.0001475181,5.24430379822469e-05,0.1179295049,6.1214031103,4.7915752798
168,1,993716801.551342,1019669.29559082,990751813.833987,194854606.374279,96871087.7655254,0.0001475181,5.24430379822469e-05,0.1179295049,6.1214031103,4.6928841079,996655974.908769,194820941.522298,96871003.4215845,0.0001489458,5.27087837102722e-05,0.1348614021,6.1200004677,4.6928841079
169,1,999664810.081691,899024.262475893,996655974.908769,194820941.522298,96871003.4215845,0.0001489458,5.27087837102722e-05,0.1348614021,6.1200004677,4.8011015536,1002635725.16252,194854505.274924,96871132.1257797,0.0001491035,5.31077614967283e-05,0.1116155814,6.1195464198,4.8011015536
170,1,1005600853.46514,1019875.36260311,1002635725.16252,194854505.274924,96871132.1257797,0.0001491035,5.31077614967283e-05,0.1116155814,6.1195464198,4.6999145748,1008539903.72601,194820597.68596,96871047.8635546,0.0001505149,5.33735195001867e-05,0.1284262366,6.1181663422,4.6999145748
171,1,1011548986.91996,904016.188507772,1008539903.72601,194820597.68596,96871047.8635546,0.0001505149,5.33735195001867e-05,0.1284262366,6.1181663422,4.8093031531,1014519678.63553,194854508.759727,96871174.6146719,0.0001507722,5.37641722295467e-05,0.1056287757,6.1178418968,4.8093031531
172,1,1017484659.35952,1013138.19451365,1014519678.63553,194854508.759727,96871174.6146719,0.0001507722,5.37641722295467e-05,0.1056287757,6.1178418968,4.709184935,1020423836.02954,194819157.485413,96871086.5836526,0.0001521019,5.40400199972386e-05,0.1228609212,6.1165746923,4.709184935
173,1,1023433707.4168,918478.261738797,1020423836.02954,194819157.485413,96871086.5836526,0.0001521019,5.40400199972386e-05,0.1228609212,6.1165746923,4.8160528779,1026403579.45499,194854552.888013,96871207.7274818,0.0001525794,5.44064026100909e-05,0.1009581324,6.1165553412,4.8160528779
174,1,1029369947.54195,995887.516927969,1026403579.45499,194854552.888013,96871207.7274818,0.0001525794,5.44064026100909e-05,0.1009581324,6.1165553412,4.7119554377,1032307775.65085,194816816.409388,96871112.5670832,0.0001537628,5.47007785597705e-05,0.1190139982,6.1154978553,4.7119554377
175,1,1035319191.38064,940185.66830516,1032307775.65085,194816816.409388,96871112.5670832,0.0001537628,5.47007785597705e-05,0.1190139982,6.1154978553,4.820672049,1038287511.97962,194854584.60556,96871225.4441971,0.0001545124,5.50320380247464e-05,0.0984248427,6.1158263816,4.820672049
176,1,1041254873.9194,975251.040460117,1038287511.97962,194854584.60556,96871225.4441971,0.0001545124,5.50320380247464e-05,0.0984248427,6.1158263816,4.7141846227,1044268157.27203,194814465.130184,96871120.9173375,0.0001554899,5.53499615967376e-05,0.117500598,6.1150737988,4.7141846227
177,1,1047204054.3825,961088.913895717,1044268157.27203,194814465.130184,96871120.9173375,0.0001554899,5.53499615967376e-05,0.117500598,6.1150737988,4.6416529051,1050171437.85386,194854538.241408,96871224.4241896,0.000156497,5.56429830809744e-05,0.0984684029,6.1156765377,4.6416529051
178,1,1053140464.75499,949380.861530383,1050171437.85386,194854538.241408,96871224.4241896,0.000156497,5.56429830809744e-05,0.0984684029,6.1156765377,4.7126046701,1056152097.47193,194817304.838028,96871109.8138741,0.0001572347,5.59846402820571e-05,0.1185327153,6.1152882451,4.7126046701
179,1,1059089508.6515,980854.602262759,1056152097.47193,194817304.838028,96871109.8138741,0.0001572347,5.59846402820571e-05,0.1185327153,6.1152882451,4.6399088727,1062055372.12113,194854432.285569,96871204.7641301,0.0001584384,5.62440830542648e-05,0.1010078664,6.1160475355,4.6399088727
180,1,1065025691.11231,926462.003851918,1062055372.12113,194854432.285569,96871204.7641301,0.0001584384,5.62440830542648e-05,0.1010078664,6.1160475355,4.7088355509,1068036046.39658,194819536.758799,96871081.3901517,0.0001589471,5.66048827730659e-05,0.121825744,6.1160046509,4.7088355509
181,1,1070973515.62769,997039.709474845,1068036046.39658,194819536.758799,96871081.3901517,0.0001589471,5.66048827730659e-05,0.121825744,6.1160046509,4.6363889662,1073939305.20924,194854334.142798,96871170.0421942,0.0001602721,5.68407523442626e-05,0.1054662703,6.1168242557,4.6363889662
182,1,1076910606.27556,910854.328567686,1073939305.20924,194854334.142798,96871170.0421942,0.0001602721,5.68407523442626e-05,0.1054662703,6.1168242557,4.7030561567,1079919983.17031,194820825.309268,96871040.9913802,0.0001606268,5.72130758441958e-05,0.1266623939,6.1170138732,4.7030561567
183,1,1082858975.79896,1002348.54997348,1079919983.17031,194820825.309268,96871040.9913802,0.0001606268,5.72130758441958e-05,0.1266623939,6.1170138732,4.6305709981,1085823234.05005,194854323.877635,96871126.5833303,0.0001619966,5.74378996619405e-05,0.1109272496,6.1178410203,4.6305709981
184,1,1088794561.47862,906895.65449615,1085823234.05005,194854323.877635,96871126.5833303,0.0001619966,5.74378996619405e-05,0.1109272496,6.1178410203,4.6962789631,1091803919.50729,194820982.343967,96870996.0048144,0.0001623269,5.78131794667843e-05,0.132052415,6.1180843502,4.6962789631
185,1,1094742841.62873,1001435.20049495,1091803919.50729,194820982.343967,96870996.0048144,0.0001623269,5.78131794667843e-05,0.132052415,6.1180843502,4.6247366097,1097707149.57559,194854428.610788,96871082.2032696,0.0001636675,5.80402007536732e-05,0.1163338241,6.1188936484,4.6247366097
186,1,1100678462.27188,915207.02165942,1097707149.57559,194854428.610788,96871082.2032696,0.0001636675,5.80402007536732e-05,0.1163338241,6.1188936484,4.6891103619,1103687840.92266,194819988.318934,96870954.5130846,0.0001641148,5.84097331438937e-05,0.1369133116,6.1189999881,4.6891103619
187,1,1106626274.01004,993641.045314137,1103687840.92266,194819988.318934,96870954.5130846,0.0001641148,5.84097331438937e-05,0.1369133116,6.1189999881,4.6190383628,1109591076.31512,194854619.688229,96871044.9082346,0.0001653532,5.86520816079866e-05,0.1206680328,6.1197612627,4.6190383628
188,1,1112561334.92076,933559.488025847,1109591076.31512,194854619.688229,96871044.9082346,0.0001653532,5.86520816079866e-05,0.1206680328,6.1197612627,4.6846991467,1115571763.38684,194817966.992419,96870924.0254442,0.0001660183,5.90073132851979e-05,0.140260487,6.1195845151,4.6846991467
189,1,1118509136.77033,977996.193825943,1115571763.38684,194817966.992419,96870924.0254442,0.0001660183,5.90073132851979e-05,0.140260487,6.1195845151,4.6158064298,1121475021.37434,194854798.58654,96871021.5956769,0.0001670829,5.92769091391613e-05,0.1231218114,6.1202360552,4.6158064298
190,1,1124443617.43289,957618.237292758,1121475021.37434,194854798.58654,96871021.5956769,0.0001670829,5.92769091391613e-05,0.1231218114,6.1202360552,4.684470271,1127455654.81407,194815238.586937,96870910.1189729,0.0001679987,5.96108377576102e-05,0.1414146312,6.1197165645,4.684470271
191,1,1130391649.55388,956817.433261798,1127455654.81407,194815238.586937,96870910.1189729,0.0001679987,5.96108377576102e-05,0.1414146312,6.1197165645,4.6130756568,1133358943.69254,194854853.875221,96871016.693361,0.0001688283,5.99162294952152e-05,0.1232629419,6.120163884,4.6130756568
192,1,1136326436.826,982061.003411571,1133358943.69254,194854853.875221,96871016.693361,0.0001688283,5.99162294952152e-05,0.1232629419,6.120163884,4.6854912305,1139263128.11426,194816452.198896,96870915.2540859,0.0001699697,6.02256971215172e-05,0.1401625588,6.1193332535,4.6854912305
193,1,1142273243.55604,933144.381298633,1139263128.11426,194816452.198896,96870915.2540859,0.0001699697,6.02256971215172e-05,0.1401625588,6.1193332535,4.7956134165,1145242864.02524,194854772.18344,96871031.0645471,0.0001705319,6.05691548397794e-05,0.1211276083,6.1194873914,4.7956134165
194,1,1148209256.96538,1002712.08115674,1145242864.02524,194854772.18344,96871031.0645471,0.0001705319,6.05691548397794e-05,0.1211276083,6.1194873914,4.6891615494,1151147043.72567,194818819.958727,96870938.4877424,0.0001718383,6.08561361749585e-05,0.1367854312,6.1184337522,4.6891615494
195,1,1154156177.40884,913278.803074984,1151147043.72567,194818819.958727,96870938.4877424,0.0001718383,6.08561361749585e-05,0.1367854312,6.1184337522,4.8002348188,1157126800.24552,194854610.727636,96871061.8379447,0.0001721594,6.12319447104455e-05,0.1171678285,6.1182768845,4.8002348188
196,1,1160091762.19893,1015363.83451484,1157126800.24552,194854610.727636,96871061.8379447,0.0001721594,6.12319447104455e-05,0.1171678285,6.1182768845,4.6961222816,1163030927.77165,194820313.854148,96870975.4249585,0.0001735621,6.15029520658733e-05,0.1319376183,6.1171006509,4.6961222816
197,1,1166039781.47024,901491.867346546,1163030927.77165,194820313.854148,96870975.4249585,0.0001735621,6.15029520658733e-05,0.1319376183,6.1171006509,4.8037940701,1169010718.72543,194854460.060696,96871103.2271803,0.0001737354,6.18983815234808e-05,0.1120931582,6.1167305893,4.8037940701
198,1,1171975731.06503,1020817.06569632,1169010718.72543,194854460.060696,96871103.2271803,0.0001737354,6.18983815234808e-05,0.1120931582,6.1167305893,4.7025810786,1174914888.40308,194820696.46398,96871019.3987117,0.0001751671,6.21627296477643e-05,0.126448923,6.1155202111,4.7025810786
199,1,1177923067.53912,899692.555008331,1174914888.40308,194820696.46398,96871019.3987117,0.0001751671,6.21627296477643e-05,0.126448923,6.1155202111,4.8137551756,1180894637.88661,194854395.250258,96871147.814401,0.0001753372,6.25611282276557e-05,0.1067258503,6.1151268966,4.8137551756
200,1,1183859875.85331,1018027.20894748,1180894637.88661,194854395.250258,96871147.814401,0.0001753372,6.25611282276557e-05,0.1067258503,6.1151268966,4.7088055063,1186798821.86593,194819949.875411,96871062.6749708,0.0001767322,6.28291607180985e-05,0.1211668936,6.1139595624,4.7088055063
201,1,1189807774.67342,908108.010355268,1186798821.86593,194819949.875411,96871062.6749708,0.0001767322,6.28291607180985e-05,0.1211668936,6.1139595624,4.8206726943,1192778589.41534,194854423.526682,96871187.7684821,0.0001770473,6.32133128954009e-05,0.1019246743,6.1137403442,4.8206726943
202,1,1195744828.3314,1008742.82121787,1192778589.41534,194854423.526682,96871187.7684821,0.0001770473,6.32133128954009e-05,0.1019246743,6.1137403442,4.7162023334,1198682756.40058,194818162.637298,96871097.5888407,0.0001783401,6.34948025599327e-05,0.1168855071,6.1126942684,4.7162023334
203,1,1201692737.472,925383.113924055,1198682756.40058,194818162.637298,96871097.5888407,0.0001783401,6.34948025599327e-05,0.1168855071,6.1126942684,4.8257986279,1204662492.69572,194854479.462761,96871215.9752903,0.0001789001,6.38502603226551e-05,0.0985048401,6.1127645765,4.8257986279
204,1,1207628886.72401,989690.023475962,1204662492.69572,194854479.462761,96871215.9752903,0.0001789001,6.38502603226551e-05,0.0985048401,6.1127645765,4.7174482696,1210566691.50979,194815585.774641,96871117.7094511,0.0001800268,6.41527127441511e-05,0.1142797115,6.1119245591,4.7174482696
205,1,1213577844.98604,947288.799251262,1210566691.50979,194815585.774641,96871117.7094511,0.0001800268,6.41527127441511e-05,0.1142797115,6.1119245591,4.8283890998,1216546396.59216,194854486.163106,96871227.2508945,0.0001808595,6.44711874197474e-05,0.0970812827,6.1122830891,4.8283890998
206,1,1219515136.70448,966516.292932413,1216546396.59216,194854486.163106,96871227.2508945,0.0001808595,6.44711874197474e-05,0.0970812827,6.1122830891,4.7159600106,1222527063.90632,194815422.139436,96871119.1804394,0.0001817653,6.47980913945197e-05,0.1137760859,6.1117254705,4.7159600106
207,1,1225462841.55784,970272.715439172,1222527063.90632,194815422.139436,96871119.1804394,0.0001817653,6.47980913945197e-05,0.1137760859,6.1117254705,4.6473721943,1228430366.59692,194854432.862943,96871219.4178218,0.0001828388,6.5079316465342e-05,0.0978927172,6.1122893013,4.6473721943
208,1,1231399856.09534,940509.876172727,1228430366.59692,194854432.862943,96871219.4178218,0.0001828388,6.5079316465342e-05,0.0978927172,6.1122893013,4.7170038149,1234411011.73412,194818095.772761,96871101.5182196,0.0001835019,6.54290865098162e-05,0.1154174322,6.112046937,4.7170038149
209,1,1237348065.46308,987342.397505758,1234411011.73412,194818095.772761,96871101.5182196,0.0001835019,6.54290865098162e-05,0.1154174322,6.112046937,4.6455948079,1240314296.33041,194854323.493287,96871193.8541055,0.0001847481,6.56798933553117e-05,0.1007223856,6.1127169172,4.6455948079
210,1,1243284599.6943,920675.725337882,1240314296.33041,194854323.493287,96871193.8541055,0.0001847481,6.56798933553117e-05,0.1007223856,6.1127169172,4.7126452874,1246294954.16734,194820027.063966,96871068.1204167,0.0001851997,6.60465675714913e-05,0.1188242714,6.1127465369,4.7126452874
211,1,1249233818.84338,1000703.88369069,1246294954.16734,194820027.063966,96871068.1204167,0.0001851997,6.60465675714913e-05,0.1188242714,6.1127465369,4.6416192364,1252198217.40938,194854246.547439,96871155.2228732,0.0001865421,6.62780885830954e-05,0.1049610358,6.1134520758,4.6416192364
212,1,1255169486.98581,908006.211953115,1252198217.40938,194854246.547439,96871155.2228732,0.0001865421,6.62780885830954e-05,0.1049610358,6.1134520758,4.7063604018,1258178890.22209,194820927.620744,96871025.2102877,0.0001868783,6.66534237161246e-05,0.1232854949,6.1136331457,4.7063604018
213,1,1261117874.44421,1003521.03263006,1258178890.22209,194820927.620744,96871025.2102877,0.0001868783,6.66534237161246e-05,0.1232854949,6.1136331457,4.636457569,1264082109.97518,194854262.088707,96871110.5278632,0.0001882413,6.68785479798773e-05,0.1097610961,6.114338422,4.636457569
214,1,1267053462.74023,908253.744379368,1264082109.97518,194854262.088707,96871110.5278632,0.0001882413,6.68785479798773e-05,0.1097610961,6.114338422,4.6977078311,1270062831.57012,194820663.021189,96870980.5572106,0.0001886015,6.72537593295198e-05,0.1279065339,6.1145075414,4.6977078311
215,1,1273001403.02753,998924.06348287,1270062831.57012,194820663.021189,96870980.5572106,0.0001886015,6.72537593295198e-05,0.1279065339,6.1145075414,4.6322208991,1275966086.18898,194854428.622497,96871067.783709,0.0001899116,6.74857682457982e-05,0.1142062557,6.1151909408,4.6322208991
216,1,1278936438.65746,920983.18049091,1275966086.18898,194854428.622497,96871067.783709,0.0001899116,6.74857682457982e-05,0.1142062557,6.1151909408,4.6967711985,1281946750.46349,194819279.682044,96870942.1802546,0.0001904286,6.78520100423489e-05,0.1317649129,6.1151912825,4.6967711985
217,1,1284884002.15615,986401.766594598,1281946750.46349,194819279.682044,96870942.1802546,0.0001904286,6.78520100423489e-05,0.1317649129,6.1151912825,4.6277635009,1287850000.57396,194854611.603631,96871034.7538133,0.0001916123,6.81037468428728e-05,0.1174618468,6.1158174878,4.6277635009
218,1,1290819376.52185,941630.814763679,1287850000.57396,194854611.603631,96871034.7538133,0.0001916123,6.81037468428728e-05,0.1174618468,6.1158174878,4.6928741704,1293830647.43825,194816970.735259,96870917.0524261,0.0001923653,6.8452692469267e-05,0.1340796191,6.1155457062,4.6928741704
219,1,1296766633.53906,968831.583548775,1293830647.43825,194816970.735259,96870917.0524261,0.0001923653,6.8452692469267e-05,0.1340796191,6.1155457062,4.6239044309,1299733930.20127,194854740.320324,96871017.6118593,0.0001933525,6.87351575737245e-05,0.1189232671,6.1160485009,4.6239044309
220,1,1302702499.15356,967544.978586634,1299733930.20127,194854740.320324,96871017.6118593,0.0001933525,6.87351575737245e-05,0.1189232671,6.1160485009,4.6927525416,1305638114.77017,194814361.961131,96870909.7233739,0.0001943535,6.9060879627915e-05,0.1343854227,6.1154819686,4.6927525416
221,1,1308649313.54092,946965.474243243,1305638114.77017,194814361.961131,96870909.7233739,0.0001943535,6.9060879627915e-05,0.1343854227,6.1154819686,4.8040770134,1311617824.92216,194854733.726445,96871019.6115128,0.0001950885,6.93806594394826e-05,0.1183478169,6.1157746359,4.8040770134
222,1,1314584319.44255,989813.394067705,1311617824.92216,194854733.726445,96871019.6115128,0.0001950885,6.93806594394826e-05,0.1183478169,6.1157746359,4.6924949469,1317522044.08484,194817101.017382,96870921.5733956,0.0001962958,6.96817907524472e-05,0.1326420617,6.1149620757,4.6924949469
223,1,1320531890.13728,925258.953623283,1317522044.08484,194817101.017382,96870921.5733956,0.0001962958,6.96817907524472e-05,0.1326420617,6.1149620757,4.8079450705,1323501767.72531,194854608.566635,96871040.2640101,0.000196765,7.00383585360635e-05,0.1158969433,6.1149819904,4.8079450705
224,1,1326466891.7841,1008576.25377591,1323501767.72531,194854608.566635,96871040.2640101,0.000196765,7.00383585360635e-05,0.1158969433,6.1149819904,4.698299993,1329405958.82191,194819184.500796,96870950.2634518,0.0001981149,7.0318687049792e-05,0.1292165918,6.1140067469,4.698299993
225,1,1332414937.98291,908164.173390881,1329405958.82191,194819184.500796,96870950.2634518,0.0001981149,7.0318687049792e-05,0.1292165918,6.1140067469,4.8124671151,1335385692.28178,194854433.546617,96871075.5437124,0.0001983656,7.07035948766562e-05,0.1120526675,6.113771811,4.8124671151
226,1,1338350930.2293,1018774.10917302,1335385692.28178,194854433.546617,96871075.5437124,0.0001983656,7.07035948766562e-05,0.1120526675,6.113771811,4.7040431215,1341289880.65067,194820294.045336,96870990.5073094,0.0001997898,7.09709035176176e-05,0.1247466572,6.1127177243,4.7040431215
227,1,1344297808.70903,900222.483748422,1341289880.65067,194820294.045336,96870990.5073094,0.0001997898,7.09709035176176e-05,0.1247466572,6.1127177243,4.8184218017,1347269635.86089,194854303.377754,96871118.9385517,0.0001999367,7.13697318487486e-05,0.1074735269,6.1123473329,4.8184218017
228,1,1350234638.09312,1021001.10200271,1347269635.86089,194854303.377754,96871118.9385517,0.0001999367,7.13697318487486e-05,0.1074735269,6.1123473329,4.7116695517,1353173804.32758,194820285.11044,96871035.1287442,0.0002013686,7.16339596606189e-05,0.1199704404,6.1112860706,4.7116695517
229,1,1356182706.49897,902604.562051505,1353173804.32758,194820285.11044,96871035.1287442,0.0002013686,7.16339596606189e-05,0.1199704404,6.1112860706,4.8243427188,1359153572.27557,194854273.423502,96871162.7616826,0.000201564,7.20296145701392e-05,0.1028896907,6.1109587362,4.8243427188
230,1,1362118604.93484,1014423.67303118,1359153572.27557,194854273.423502,96871162.7616826,0.000201564,7.20296145701392e-05,0.1028896907,6.1109587362,4.7180447177,1365057737.0062,194819155.604109,96871076.2894072,0.0002029382,7.23011512354451e-05,0.1156159423,6.1099559111,4.7180447177
231,1,1368066447.5742,914697.638652071,1365057737.0062,194819155.604109,96871076.2894072,0.0002029382,7.23011512354451e-05,0.1156159423,6.1099559111,4.8298219121,1371037576.18669,194854311.801227,96871199.3066264,0.0002033191,7.26771229595672e-05,0.0990463074,6.1098275722,4.8298219121
232,1,1374003800.71316,1001812.22060794,1371037576.18669,194854311.801227,96871199.3066264,0.0002033191,7.26771229595672e-05,0.0990463074,6.1098275722,4.7282130751,1376941671.36339,194817058.263706,96871106.625233,0.0002045701,7.29652243929244e-05,0.1123496679,6.1089534076,4.7282130751
233,1,1379951665.97253,933587.838681931,1376941671.36339,194817058.263706,96871106.625233,0.0002045701,7.29652243929244e-05,0.1123496679,6.1089534076,4.8334875575,1382921401.78876,194854382.918314,96871222.0076262,0.000205213,7.33089427461521e-05,0.0966144907,6.1090911637,4.8334875575
234,1,1385889026.54608,981696.072996356,1382921401.78876,194854382.918314,96871222.0076262,0.000205213,7.33089427461521e-05,0.0966144907,6.1090911637,4.7218991951,1388825606.45741,194814299.670927,96871120.4467208,0.0002062789,7.36199752300498e-05,0.1107033468,6.1084201945,4.7218991951
235,1,1391836832.98549,956538.330414466,1388825606.45741,194814299.670927,96871120.4467208,0.0002062789,7.36199752300498e-05,0.1107033468,6.1084201945,4.834792955,1394805332.38323,194854376.282587,96871226.6306994,0.0002071887,7.39258711649012e-05,0.0960380929,6.1087936008,4.834792955
236,1,1397774358.61601,957281.891413069,1394805332.38323,194854376.282587,96871226.6306994,0.0002071887,7.39258711649012e-05,0.0960380929,6.1087936008,4.7214713164,1400785939.2838,194816342.4276,96871115.056745,0.0002080219,7.42616437800762e-05,0.1109477963,6.1083844028,4.7214713164
237,1,1403721949.67296,978261.312345877,1400785939.2838,194816342.4276,96871115.056745,0.0002080219,7.42616437800762e-05,0.1109477963,6.1083844028,4.6497146244,1406689277.61782,194854296.68766,96871212.2338773,0.0002091527,7.45321272186198e-05,0.0973968874,6.1089102385,4.6497146244
238,1,1409658854.61867,933080.065446081,1406689277.61782,194854296.68766,96871212.2338773,0.0002091527,7.45321272186198e-05,0.0973968874,6.1089102385,4.7199386854,1412669862.36017,194818816.050999,96871091.3261992,0.0002097468,7.48893477217e-05,0.1129944576,6.1087720289,4.7199386854
239,1,1415607159.63781,992464.750975791,1412669862.36017,194818816.050999,96871091.3261992,0.0002097468,7.48893477217e-05,0.1129944576,6.1087720289,4.645595368,1418573157.45702,194854181.289522,96871181.4176432,0.0002110254,7.5133031964008e-05,0.1003769631,6.1093690969,4.645595368
240,1,1421544371.82901,914827.120411878,1418573157.45702,194854181.289522,96871181.4176432,0.0002110254,7.5133031964008e-05,0.1003769631,6.1093690969,4.7115620352,1424553875.06439,194820354.219679,96871053.800864,0.0002114331,7.55046160872255e-05,0.116400871,6.1094397572,4.7115620352
241,1,1427492294.09949,1000377.43294977,1424553875.06439,194820354.219679,96871053.800864,0.0002114331,7.55046160872255e-05,0.116400871,6.1094397572,4.6474436393,1430457143.30292,194854155.980951,96871139.7951618,0.0002127833,7.5733439195727e-05,0.1043580959,6.1100567185,4.6474436393
242,1,1433428533.67298,906732.95392006,1430457143.30292,194854155.980951,96871139.7951618,0.0002127833,7.5733439195727e-05,0.1043580959,6.1100567185,4.7109604417,1436437819.36031,194820845.514518,96871009.3734064,0.0002131195,7.61107029273316e-05,0.1204755871,6.1102132409,4.7109604417
243,1,1439376723.04647,1003967.07619379,1436437819.36031,194820845.514518,96871009.3734064,0.0002131195,7.61107029273316e-05,0.1204755871,6.1102132409,4.6436636779,1442341057.53712,194854225.850294,96871094.8769723,0.0002144662,7.63377791147193e-05,0.1085602435,6.1108244247,4.6436636779
244,1,1445312314.40078,911551.198743402,1442341057.53712,194854225.850294,96871094.8769723,0.0002144662,7.63377791147193e-05,0.1085602435,6.1108244247,4.7049847838,1448321735.80988,194820187.192913,96870966.0480564,0.0002148741,7.67117654368384e-05,0.1244104322,6.1109199776,4.7049847838
245,1,1451260102.92405,996822.220368224,1448321735.80988,194820187.192913,96870966.0480564,0.0002148741,7.67117654368384e-05,0.1244104322,6.1109199776,4.6385194575,1454225006.89991,194854394.387578,96871054.7210212,0.0002161435,7.69503005035456e-05,0.1121878247,6.1115034485,4.6385194575
246,1,1457195305.43,927157.148079691,1454225006.89991,194854394.387578,96871054.7210212,0.0002161435,7.69503005035456e-05,0.1121878247,6.1115034485,4.7031075908,1460205645.68661,194818446.831896,96870931.6181682,0.0002167417,7.73120983240504e-05,0.1274198916,6.1114119303,4.7031075908
247,1,1463142719.68831,981211.007804181,1460205645.68661,194818446.831896,96870931.6181682,0.0002167417,7.73120983240504e-05,0.1274198916,6.1114119303,4.6345707466,1466108926.12018,194854561.892695,96871026.6829955,0.0002178602,7.75744848852628e-05,0.114559781,6.1119266059,4.6345707466
248,1,1469077891.67144,949994.054111122,1466108926.12018,194854561.892695,96871026.6829955,0.0002178602,7.75744848852628e-05,0.114559781,6.1119266059,4.7008387793,1472088349.0165,194815889.534963,96870912.3284041,0.0002187055,7.79162597199232e-05,0.1288953481,6.1115803724,4.7008387793
249,1,1475025619.78964,962957.843666995,1472088349.0165,194815889.534963,96870912.3284041,0.0002187055,7.79162597199232e-05,0.1288953481,6.1115803724,4.5365615319,1477992914.04234,194854630.185724,96871016.0491205,0.0002196049,7.82122362399531e-05,0.1152399086,6.1119579419,4.5365615319
250,1,1480959872.85767,975929.521680681,1477992914.04234,194854630.185724,96871016.0491205,0.0002196049,7.82122362399531e-05,0.1152399086,6.1119579419,4.7064218527,1483897033.55007,194815085.404176,96870911.7634278,0.0002206871,7.85294574026344e-05,0.1285422274,6.1113615321,4.7064218527
251,1,1486908095.25193,940552.350881169,1483897033.55007,194815085.404176,96870911.7634278,0.0002206871,7.85294574026344e-05,0.1285422274,6.1113615321,4.8147409326,1489876770.58506,194854574.884247,96871024.8198411,0.0002213237,7.88633070793654e-05,0.1141344575,6.111526593,4.8147409326
252,1,1492843021.3176,996370.521664762,1489876770.58506,194854574.884247,96871024.8198411,0.0002213237,7.88633070793654e-05,0.1141344575,6.111526593,4.7037753873,1495780950.04799,194817635.637397,96870929.9176871,0.0002225921,7.91564928876393e-05,0.1264552388,6.110737506,4.7037753873
253,1,1498790852.20457,920481.28049032,1495780950.04799,194817635.637397,96870929.9176871,0.0002225921,7.91564928876393e-05,0.1264552388,6.110737506,4.8179574295,1501760692.35175,194854410.918801,96871051.1882921,0.0002229699,7.95248364460804e-05,0.1114923711,6.1106544732,4.8179574295
254,1,1504725981.96646,1011851.84532264,1501760692.35175,194854410.918801,96871051.1882921,0.0002229699,7.95248364460804e-05,0.1114923711,6.1106544732,4.7080511598,1507664864.96567,194819401.964792,96870963.3526142,0.0002243581,7.9799426026737e-05,0.1230533335,6.109748504,4.7080511598
255,1,1510673676.39825,904706.553402394,1507664864.96567,194819401.964792,96870963.3526142,0.0002243581,7.9799426026737e-05,0.1230533335,6.109748504,4.8223453155,1513644608.03161,194854239.438111,96871090.117711,0.0002245485,8.01914251705258e-05,0.1078041778,6.1094654445,4.8223453155
256,1,1516609039.97907,1019540.34020775,1513644608.03161,194854239.438111,96871090.117711,0.0002245485,8.01914251705258e-05,0.1078041778,6.1094654445,4.7127186258,1519548785.17075,194820128.875564,96871005.9857065,0.0002259888,8.04562322545926e-05,0.1189449656,6.1085124178,4.7127186258
257,1,1522556752.9687,899221.886885418,1519548785.17075,194820128.875564,96871005.9857065,0.0002259888,8.04562322545926e-05,0.1189449656,6.1085124178,4.8275440396,1525528479.90526,194854157.130387,96871134.5509706,0.0002261241,8.08562546334962e-05,0.1036791692,6.1081607422,4.8275440396
258,1,1528493618.62514,1020376.89534514,1525528479.90526,194854157.130387,96871134.5509706,0.0002261241,8.08562546334962e-05,0.1036791692,6.1081607422,4.713821969,1531432713.50788,194819720.635351,96871050.279234,0.0002275509,8.11216232093168e-05,0.1147875759,6.107220311,4.713821969
259,1,1534441537.90396,905309.663077024,1531432713.50788,194819720.635351,96871050.279234,0.0002275509,8.11216232093168e-05,0.1147875759,6.107220311,4.8328514918,1537412527.68459,194854124.932821,96871176.6645498,0.0002277851,8.15125580274613e-05,0.0997722063,6.1069608122,4.8328514918
260,1,1540378190.05066,1012317.11092451,1537412527.68459,194854124.932821,96871176.6645498,0.0002277851,8.15125580274613e-05,0.0997722063,6.1069608122,4.7280028193,1543316647.19549,194818231.284422,96871088.4354911,0.0002291331,8.17887450471197e-05,0.1112121723,6.1060911237,4.7280028193
261,1,1546326575.79314,921436.943647628,1543316647.19549,194818231.284422,96871088.4354911,0.0002291331,8.17887450471197e-05,0.1112121723,6.1060911237,4.8372286357,1549296314.49314,194854228.091165,96871209.0310565,0.000229586,8.215516678822e-05,0.0967330309,6.1060406814,4.8372286357
262,1,1552263205.1351,996537.995136216,1549296314.49314,194854228.091165,96871209.0310565,0.000229586,8.215516678822e-05,0.0967330309,6.1060406814,4.7196473876,1555200581.90782,194815865.418613,96871113.5337171,0.0002307904,8.24507075927684e-05,0.1087794225,6.1053060939,4.7196473876
263,1,1558211785.89809,942368.785744103,1555200581.90782,194815865.418613,96871113.5337171,0.0002307904,8.24507075927684e-05,0.1087794225,6.1053060939,4.8397299977,1561180314.55961,194854262.198118,96871225.7451368,0.0002315146,8.27822366022358e-05,0.0951064835,6.1054936273,4.8397299977
264,1,1564147988.98187,972339.614562295,1561180314.55961,194854262.198118,96871225.7451368,0.0002315146,8.27822366022358e-05,0.0951064835,6.1054936273,4.7261672395,1567159759.63201,194814453.01169,96871120.7922544,0.0002325158,8.31021421218421e-05,0.1078977027,6.1049588185,4.7261672395
265,1,1570097058.72232,964146.820794865,1567159759.63201,194814453.01169,96871120.7922544,0.0002325158,8.31021421218421e-05,0.1078977027,6.1049588185,4.5638854751,1573064267.80958,194854232.026122,96871223.6681243,0.0002334963,8.33959911119505e-05,0.0951900041,6.1053361172,4.5638854751
266,1,1576033176.94932,947605.561196425,1573064267.80958,194854232.026122,96871223.6681243,0.0002334963,8.33959911119505e-05,0.0951900041,6.1053361172,4.7267428214,1579043681.90483,194817183.681653,96871108.6908324,0.0002342583,8.37403139962e-05,0.1087046818,6.1050423349,4.7267428214
